"","district","DistrictName","year","district_year","bodilyHarm","robberyFromOrOutOfCars","robberyOfCars","dangerousBodilyHarm","violentCrime","murderAndManslaughter","robberyIncludingExtortionAndAttackOfCarDrivers","vandalism","vandalismGraffiti","streetCrime","burglaryDaylight","burglary","EastWest"
"1",1001,"Flensburg",2013,"1001y2013",651,460,36,223,329,0,97,932,101,1827,100,313,1
"2",1002,"Kiel",2013,"1002y2013",1948,1458,127,640,937,5,258,2787,668,6103,201,732,1
"3",1003,"Lübeck",2013,"1003y2013",1926,1335,111,658,948,3,255,2784,539,6353,135,458,1
"4",1004,"Neumünster",2013,"1004y2013",860,667,38,226,318,1,75,729,101,2452,111,292,1
"5",10041,"Regionalverband Saarbrücken",2013,"10041y2013",2274,3451,132,879,1286,8,366,3578,521,7578,366,877,1
"6",10042,"Merzig-Wadern",2013,"10042y2013",364,385,31,114,163,3,33,753,59,1056,67,175,1
"7",10043,"Neunkirchen",2013,"10043y2013",644,751,39,192,278,2,62,1058,77,1690,81,204,1
"8",10044,"Saarlouis",2013,"10044y2013",939,927,74,301,399,1,80,1682,141,2566,216,461,1
"9",10045,"Saarpfalz-Kreis",2013,"10045y2013",497,732,41,217,272,4,42,1297,263,1825,128,287,1
"10",10046,"St. Wendel",2013,"10046y2013",272,231,11,82,100,1,12,522,34,685,42,91,1
"11",1051,"Dithmarschen",2013,"1051y2013",596,467,30,126,194,0,58,915,70,1931,71,354,1
"12",1053,"Herzogtum Lauenburg",2013,"1053y2013",813,780,188,222,307,3,66,1326,181,2640,149,463,1
"13",1054,"Nordfriesland",2013,"1054y2013",874,419,66,215,288,3,54,1333,188,2493,49,186,1
"14",1055,"Ostholstein",2013,"1055y2013",904,961,72,245,324,6,52,1999,255,3507,113,416,1
"15",1056,"Pinneberg",2013,"1056y2013",1551,1529,96,433,592,6,127,2452,452,5666,299,841,1
"16",1057,"Plön",2013,"1057y2013",514,363,26,123,152,0,20,933,160,1407,56,241,1
"17",1058,"Rendsburg-Eckernförde",2013,"1058y2013",1100,921,86,338,459,4,78,1590,191,3284,291,899,1
"18",1059,"Schleswig-Flensburg",2013,"1059y2013",704,508,51,167,228,6,36,1026,97,1695,60,264,1
"19",1060,"Segeberg",2013,"1060y2013",1026,1422,124,249,388,4,105,1996,414,4287,240,727,1
"20",1061,"Steinburg",2013,"1061y2013",550,450,48,139,227,1,69,903,103,1925,119,330,1
"21",1062,"Stormarn",2013,"1062y2013",831,1282,197,204,297,5,70,1469,279,3593,438,1018,1
"22",11,"Berlin",2013,"11y2013",28924,36034,6659,10340,17275,106,6222,43481,9659,117807,5993,11566,2
"23",12051,"Brandenburg an der Havel",2013,"12051y2013",415,300,60,94,147,1,42,1599,952,1272,41,76,2
"24",12052,"Cottbus",2013,"12052y2013",456,365,173,186,270,1,64,1240,293,2455,43,93,2
"25",12053,"Frankfurt (Oder)",2013,"12053y2013",286,371,283,108,169,2,54,641,160,1373,27,52,2
"26",12054,"Potsdam",2013,"12054y2013",704,909,291,220,339,5,99,1860,698,4041,102,204,2
"27",12060,"Barnim",2013,"12060y2013",659,926,211,225,299,6,60,1281,259,2844,160,289,2
"28",12061,"Dahme-Spreewald",2013,"12061y2013",540,935,364,171,254,4,68,1243,286,2618,177,343,2
"29",12062,"Elbe-Elster",2013,"12062y2013",370,394,64,127,170,4,29,915,169,1349,30,88,2
"30",12063,"Havelland",2013,"12063y2013",559,831,193,207,283,2,64,1623,599,2602,208,401,2
"31",12064,"Märkisch-Oderland",2013,"12064y2013",603,753,242,202,288,5,68,1521,374,2460,191,369,2
"32",12065,"Oberhavel",2013,"12065y2013",943,925,169,262,359,1,69,1828,455,3090,277,532,2
"33",12066,"Oberspreewald-Lausitz",2013,"12066y2013",407,527,131,125,161,2,26,1066,344,1901,59,151,2
"34",12067,"Oder-Spree",2013,"12067y2013",463,864,271,168,287,3,95,1337,338,2482,130,236,2
"35",12068,"Ostprignitz-Ruppin",2013,"12068y2013",472,456,123,153,201,3,36,1008,153,1364,84,161,2
"36",12069,"Potsdam-Mittelmark",2013,"12069y2013",608,1287,255,176,243,3,49,1542,461,2905,238,463,2
"37",12070,"Prignitz",2013,"12070y2013",445,340,57,84,121,2,27,837,160,1074,39,114,2
"38",12071,"Spree-Neiße",2013,"12071y2013",400,491,219,129,187,3,43,919,148,2263,28,83,2
"39",12072,"Teltow-Fläming",2013,"12072y2013",564,1008,261,159,247,9,68,1187,232,2688,86,200,2
"40",12073,"Uckermark",2013,"12073y2013",403,356,155,168,227,6,49,1136,170,1743,62,146,2
"41",13003,"Rostock",2013,"13003y2013",937,926,258,459,659,9,184,2462,664,4622,111,229,2
"42",13004,"Schwerin",2013,"13004y2013",669,425,54,220,295,5,65,1410,374,2104,51,124,2
"43",13071,"Mecklenburgische Seenplatte",2013,"13071y2013",1005,870,179,316,403,3,79,2080,402,3125,72,169,2
"44",13072,"Landkreis Rostock",2013,"13072y2013",698,782,176,248,313,5,52,1650,245,2613,71,174,2
"45",13073,"Vorpommern-Rügen",2013,"13073y2013",1155,827,102,328,421,4,66,2268,516,3341,62,149,2
"46",13074,"Nordwestmecklenburg",2013,"13074y2013",694,621,116,204,256,5,46,1476,208,2052,40,118,2
"47",13075,"Vorpommern-Greifswald",2013,"13075y2013",973,809,122,396,527,6,118,2514,542,4419,160,399,2
"48",13076,"Ludwigslust-Parchim",2013,"13076y2013",737,775,174,299,390,3,77,1621,152,2431,64,159,2
"49",14511,"Chemnitz",2013,"14511y2013",900,931,204,350,480,5,122,2952,836,4213,121,244,2
"50",14521,"Erzgebirgskreis",2013,"14521y2013",727,533,106,228,302,3,63,1745,200,2296,33,121,2
"51",14522,"Mittelsachsen",2013,"14522y2013",792,821,103,248,332,4,75,2216,602,3138,47,143,2
"52",14523,"Vogtlandkreis",2013,"14523y2013",696,795,95,168,238,6,54,1652,439,2359,39,144,2
"53",14524,"Zwickau",2013,"14524y2013",1069,800,95,361,504,5,129,2729,524,3631,96,220,2
"54",14612,"Dresden",2013,"14612y2013",2014,2348,799,709,1065,11,321,5551,1902,12717,255,485,2
"55",14625,"Bautzen",2013,"14625y2013",1017,675,254,236,346,3,98,2077,361,3129,75,132,2
"56",14626,"Görlitz",2013,"14626y2013",1195,862,578,312,479,7,153,2240,429,4293,58,185,2
"57",14627,"Meißen",2013,"14627y2013",636,550,113,172,243,4,60,1622,291,2608,28,89,2
"58",14628,"Sächsische Schweiz-Osterzgebirge",2013,"14628y2013",636,585,168,157,234,3,68,1664,438,2450,39,103,2
"59",14713,"Leipzig",2013,"14713y2013",2616,5757,563,1053,1615,16,523,7474,2430,19136,697,1304,2
"60",14729,"Leipzig",2013,"14729y2013",875,1144,146,210,291,7,64,1695,284,3554,104,323,2
"61",14730,"Nordsachsen",2013,"14730y2013",710,605,120,186,266,2,74,1502,237,2687,60,127,2
"62",15001,"Dessau-Roßlau",2013,"15001y2013",453,507,104,190,281,5,78,931,188,1974,40,89,2
"63",15002,"Halle (Saale)",2013,"15002y2013",1807,1273,157,620,909,12,249,3099,995,5485,113,324,2
"64",15003,"Magdeburg",2013,"15003y2013",1336,1662,249,485,800,11,274,3104,718,7109,139,370,2
"65",15081,"Altmarkkreis Salzwedel",2013,"15081y2013",339,291,37,138,175,0,29,759,129,1047,22,68,2
"66",15082,"Anhalt-Bitterfeld",2013,"15082y2013",695,684,121,237,323,9,62,1376,214,2593,52,160,2
"67",15083,"Börde",2013,"15083y2013",665,691,115,209,272,8,41,1149,154,1886,68,179,2
"68",15084,"Burgenlandkreis",2013,"15084y2013",842,1216,100,236,342,8,87,1656,320,2992,71,307,2
"69",15085,"Harz",2013,"15085y2013",814,1061,115,312,431,5,91,2174,515,3338,50,191,2
"70",15086,"Jerichower Land",2013,"15086y2013",374,395,78,125,161,1,29,807,161,1286,39,96,2
"71",15087,"Mansfeld-Südharz",2013,"15087y2013",871,549,77,185,237,1,40,1360,221,1526,27,108,2
"72",15088,"Saalekreis",2013,"15088y2013",952,1074,131,219,322,4,87,1501,180,2818,82,196,2
"73",15089,"Salzlandkreis",2013,"15089y2013",929,839,103,275,380,13,78,1480,148,2723,73,260,2
"74",15090,"Stendal",2013,"15090y2013",558,497,69,177,236,2,44,1001,202,1745,37,127,2
"75",15091,"Wittenberg",2013,"15091y2013",539,481,102,181,249,0,54,1076,186,2118,43,113,2
"76",16051,"Erfurt",2013,"16051y2013",1732,579,131,548,716,6,142,2306,667,3257,116,236,2
"77",16052,"Gera",2013,"16052y2013",778,181,52,229,282,1,49,1040,139,1053,13,37,2
"78",16053,"Jena",2013,"16053y2013",484,202,71,167,210,3,29,916,177,1389,65,82,2
"79",16054,"Suhl",2013,"16054y2013",218,81,5,89,108,0,13,347,33,317,3,12,2
"80",16055,"Weimar",2013,"16055y2013",411,171,37,129,174,1,35,871,285,930,23,42,2
"81",16056,"Eisenach",2013,"16056y2013",281,81,19,93,124,3,25,416,34,450,17,20,2
"82",16061,"Eichsfeld",2013,"16061y2013",261,166,13,73,90,4,9,497,59,540,12,43,2
"83",16062,"Nordhausen",2013,"16062y2013",323,199,30,111,144,3,23,615,104,833,11,47,2
"84",16063,"Wartburgkreis",2013,"16063y2013",335,183,28,104,123,0,11,610,114,596,8,41,2
"85",16064,"Unstrut-Hainich-Kreis",2013,"16064y2013",427,237,22,142,207,2,51,707,58,1040,15,47,2
"86",16065,"Kyffhäuserkreis",2013,"16065y2013",324,214,20,97,127,4,17,510,78,651,17,69,2
"87",16066,"Schmalkalden-Meiningen",2013,"16066y2013",509,215,35,117,162,1,34,911,151,881,5,13,2
"88",16067,"Gotha",2013,"16067y2013",558,290,35,160,213,2,43,948,174,1017,43,65,2
"89",16068,"Sömmerda",2013,"16068y2013",301,142,12,83,103,0,13,483,58,599,7,18,2
"90",16069,"Hildburghausen",2013,"16069y2013",249,92,10,44,61,2,11,447,46,375,1,6,2
"91",16070,"Ilm-Kreis",2013,"16070y2013",539,319,44,186,249,0,56,751,66,1143,31,55,2
"92",16071,"Weimarer Land",2013,"16071y2013",345,230,30,103,140,1,31,470,35,597,40,73,2
"93",16072,"Sonneberg",2013,"16072y2013",267,99,10,86,106,0,17,467,71,524,8,24,2
"94",16073,"Saalfeld-Rudolstadt",2013,"16073y2013",725,161,18,184,213,2,18,1126,243,1049,21,46,2
"95",16074,"Saale-Holzland-Kreis",2013,"16074y2013",351,248,36,78,98,2,13,548,78,700,29,44,2
"96",16075,"Saale-Orla-Kreis",2013,"16075y2013",507,164,23,96,114,0,13,691,92,674,18,85,2
"97",16076,"Greiz",2013,"16076y2013",377,177,29,104,128,2,17,717,36,641,5,16,2
"98",16077,"Altenburger Land",2013,"16077y2013",458,229,30,119,164,2,38,824,140,984,17,62,2
"99",2,"Hamburg",2013,"2y2013",14703,15837,1983,5406,8665,56,3046,20913,3393,65708,2998,6924,1
"100",3101,"Braunschweig",2013,"3101y2013",1772,816,212,750,997,10,202,2664,892,5858,197,441,1
"101",3102,"Salzgitter",2013,"3102y2013",466,297,34,171,227,3,41,815,72,1215,56,123,1
"102",3103,"Wolfsburg",2013,"3103y2013",577,700,179,162,255,7,73,1090,77,2346,103,233,1
"103",3151,"Gifhorn",2013,"3151y2013",686,374,51,219,285,4,42,987,116,1629,67,211,1
"104",3152,"Göttingen",2013,"3152y2013",1349,710,109,454,592,8,109,1954,346,4528,133,319,1
"105",3153,"Goslar",2013,"3153y2013",739,337,41,242,340,5,70,1112,155,1480,65,170,1
"106",3154,"Helmstedt",2013,"3154y2013",385,319,57,152,187,2,22,650,123,1024,48,125,1
"107",3155,"Northeim",2013,"3155y2013",540,304,34,184,238,3,39,708,79,1107,53,135,1
"108",3156,"Osterode am Harz",2013,"3156y2013",291,121,11,84,113,1,19,427,28,605,23,72,1
"109",3157,"Peine",2013,"3157y2013",397,365,40,152,187,5,18,654,87,1305,136,269,1
"110",3158,"Wolfenbüttel",2013,"3158y2013",366,211,66,116,158,6,24,783,96,1148,54,130,1
"111",3241,"Region Hannover",2013,"3241y2013",7429,4867,642,2719,3701,31,801,10384,1812,21975,1697,3606,1
"112",3251,"Diepholz",2013,"3251y2013",775,535,52,231,354,8,90,1014,113,2517,156,382,1
"113",3252,"Hameln-Pyrmont",2013,"3252y2013",714,415,30,293,371,8,53,852,61,1506,90,203,1
"114",3254,"Hildesheim",2013,"3254y2013",1393,608,63,434,579,7,104,2366,672,3492,215,524,1
"115",3255,"Holzminden",2013,"3255y2013",291,80,14,111,136,3,17,424,38,538,20,92,1
"116",3256,"Nienburg (Weser)",2013,"3256y2013",388,259,39,143,230,9,65,485,27,1105,113,243,1
"117",3257,"Schaumburg",2013,"3257y2013",534,523,50,189,272,3,65,1145,94,2066,101,232,1
"118",3351,"Celle",2013,"3351y2013",919,482,52,312,423,13,69,1208,144,2451,107,311,1
"119",3352,"Cuxhaven",2013,"3352y2013",744,441,60,330,449,5,92,1006,60,2269,140,462,1
"120",3353,"Harburg",2013,"3353y2013",879,1045,173,238,355,9,84,1612,314,3409,419,1029,1
"121",3354,"Lüchow-Dannenberg",2013,"3354y2013",170,107,13,63,85,3,12,357,106,456,12,31,1
"122",3355,"Lüneburg",2013,"3355y2013",1018,638,112,331,440,3,92,1548,299,3423,132,315,1
"123",3356,"Osterholz",2013,"3356y2013",392,303,18,153,218,5,50,584,48,1141,120,378,1
"124",3357,"Rotenburg (Wümme)",2013,"3357y2013",848,532,60,347,472,12,82,983,84,2164,166,439,1
"125",3358,"Landkreis Heidekreis",2013,"3358y2013",828,483,61,268,353,8,51,1181,171,2017,134,389,1
"126",3359,"Stade",2013,"3359y2013",710,443,61,231,367,6,112,1189,157,2647,109,261,1
"127",3360,"Uelzen",2013,"3360y2013",312,241,34,96,145,2,35,649,88,1173,33,69,1
"128",3361,"Verden",2013,"3361y2013",544,444,69,171,260,9,53,782,79,1712,198,546,1
"129",3401,"Delmenhorst",2013,"3401y2013",428,325,11,156,248,0,82,628,105,1775,83,219,1
"130",3402,"Emden",2013,"3402y2013",380,215,7,153,195,0,32,597,48,1433,16,60,1
"131",3403,"Oldenburg (Oldenburg)",2013,"3403y2013",807,514,47,279,439,5,134,1534,422,3762,83,292,1
"132",3404,"Osnabrück",2013,"3404y2013",1032,759,49,556,816,5,219,1624,420,4324,143,397,1
"133",3405,"Wilhelmshaven",2013,"3405y2013",617,298,30,275,369,3,72,986,48,1859,66,193,1
"134",3451,"Ammerland",2013,"3451y2013",323,245,21,100,140,4,25,583,129,1252,47,152,1
"135",3452,"Aurich",2013,"3452y2013",979,423,27,390,467,3,56,1340,120,2720,59,293,1
"136",3453,"Cloppenburg",2013,"3453y2013",684,450,35,193,249,0,38,805,75,1918,63,211,1
"137",3454,"Emsland",2013,"3454y2013",1434,777,84,509,647,7,100,1476,83,4230,130,420,1
"138",3455,"Friesland",2013,"3455y2013",523,214,13,144,189,5,30,806,38,1278,49,147,1
"139",3456,"Grafschaft Bentheim",2013,"3456y2013",469,301,26,171,225,2,45,649,60,1805,56,190,1
"140",3457,"Leer",2013,"3457y2013",635,434,39,193,263,3,52,933,50,2178,72,242,1
"141",3458,"Oldenburg",2013,"3458y2013",432,332,36,141,177,3,26,722,89,1567,65,226,1
"142",3459,"Osnabrück",2013,"3459y2013",902,1218,85,291,455,7,118,1736,264,3972,195,513,1
"143",3460,"Vechta",2013,"3460y2013",494,552,27,224,312,5,69,789,53,2228,99,236,1
"144",3461,"Wesermarsch",2013,"3461y2013",342,143,11,132,177,3,31,613,51,1146,64,176,1
"145",3462,"Wittmund",2013,"3462y2013",246,80,13,79,97,1,8,326,16,611,4,36,1
"146",4011,"Bremen",2013,"4011y2013",3979,6016,256,1529,2639,14,1018,5019,788,17952,965,2577,1
"147",4012,"Bremerhaven",2013,"4012y2013",981,597,52,334,588,7,223,1619,295,3357,358,862,1
"148",5111,"Düsseldorf",2013,"5111y2013",3894,7527,404,1463,2609,12,1023,4561,435,25425,1463,2680,1
"149",5112,"Duisburg",2013,"5112y2013",2835,3542,191,1160,1879,22,638,4516,417,12210,830,1670,1
"150",5113,"Essen",2013,"5113y2013",2595,4266,290,1136,1924,11,699,4634,861,13912,1228,2381,1
"151",5114,"Krefeld",2013,"5114y2013",1562,1533,131,460,733,2,239,2152,287,5745,416,846,1
"152",5116,"Mönchengladbach",2013,"5116y2013",1269,1610,108,575,853,8,234,2317,546,5476,365,786,1
"153",5117,"Mülheim an der Ruhr",2013,"5117y2013",599,1028,68,242,389,4,126,1435,330,3241,291,619,1
"154",5119,"Oberhausen",2013,"5119y2013",1181,1461,68,370,581,4,187,1671,83,4424,506,982,1
"155",5120,"Remscheid",2013,"5120y2013",661,364,27,173,249,1,66,934,61,1583,115,242,1
"156",5122,"Solingen",2013,"5122y2013",725,743,47,248,368,3,108,1542,288,3151,185,429,1
"157",5124,"Wuppertal",2013,"5124y2013",2470,2105,115,650,1152,6,451,3450,487,7724,414,842,1
"158",5154,"Kleve",2013,"5154y2013",1097,1285,131,345,515,6,148,2187,128,5829,259,573,1
"159",5158,"Mettmann",2013,"5158y2013",2037,2409,227,687,945,10,219,3578,343,8376,675,1586,1
"160",5162,"Rhein-Kreis Neuss",2013,"5162y2013",1657,2318,232,478,748,2,224,3065,327,8756,697,1544,1
"161",5166,"Viersen",2013,"5166y2013",943,1006,112,287,425,6,114,1842,225,4570,381,782,1
"162",5170,"Wesel",2013,"5170y2013",2085,2298,155,672,980,2,286,3725,390,9309,656,1424,1
"163",5314,"Bonn",2013,"5314y2013",1749,2455,119,679,1185,0,457,3064,374,10474,774,1747,1
"164",5315,"Köln",2013,"5315y2013",8615,11965,647,3488,5574,35,1851,11313,1934,44598,2412,5055,1
"165",5316,"Leverkusen",2013,"5316y2013",967,930,81,371,552,4,161,1399,34,3830,252,548,1
"166",5334,"Aachen",2013,"5334y2013",2987,3687,563,1321,2058,20,649,4717,672,13403,999,2195,1
"167",5358,"Düren",2013,"5358y2013",1297,1428,116,443,665,7,189,1964,111,4781,387,874,1
"168",5362,"Rhein-Erft-Kreis",2013,"5362y2013",2166,2597,230,643,1052,13,340,4232,274,9595,914,1840,1
"169",5366,"Euskirchen",2013,"5366y2013",649,894,57,254,345,2,81,1214,117,2820,244,525,1
"170",5370,"Heinsberg",2013,"5370y2013",1095,1428,175,344,503,5,125,1991,201,4352,371,816,1
"171",5374,"Oberbergischer Kreis",2013,"5374y2013",964,749,109,328,464,6,101,1538,98,2677,254,597,1
"172",5378,"Rheinisch-Bergischer Kreis",2013,"5378y2013",904,1100,57,248,360,1,90,1676,236,3510,391,857,1
"173",5382,"Rhein-Sieg-Kreis",2013,"5382y2013",1752,2731,151,662,1036,10,313,3860,487,9273,900,2079,1
"174",5512,"Bottrop",2013,"5512y2013",471,821,39,190,273,4,71,753,42,2254,177,374,1
"175",5513,"Gelsenkirchen",2013,"5513y2013",1737,2120,139,613,1025,8,376,2141,194,6432,587,1153,1
"176",5515,"Münster",2013,"5515y2013",1587,1115,119,559,833,1,243,3280,675,10629,392,931,1
"177",5554,"Borken",2013,"5554y2013",1453,1344,116,395,563,3,142,2221,116,8339,237,673,1
"178",5558,"Coesfeld",2013,"5558y2013",786,818,87,204,295,1,74,1563,155,4552,245,535,1
"179",5562,"Recklinghausen",2013,"5562y2013",2858,3691,222,966,1505,11,452,5405,586,13800,912,2131,1
"180",5566,"Steinfurt",2013,"5566y2013",1572,1329,94,429,598,1,141,2911,311,7895,288,678,1
"181",5570,"Warendorf",2013,"5570y2013",939,662,50,229,335,2,78,1814,196,4082,188,472,1
"182",5711,"Bielefeld",2013,"5711y2013",1648,1313,92,474,724,3,200,2304,656,5561,325,718,1
"183",5754,"Gütersloh",2013,"5754y2013",1068,887,86,364,533,8,139,1745,155,5142,241,556,1
"184",5758,"Herford",2013,"5758y2013",823,930,86,241,382,5,115,1311,171,3250,170,405,1
"185",5762,"Höxter",2013,"5762y2013",561,233,39,185,218,2,24,969,112,1508,18,75,1
"186",5766,"Lippe",2013,"5766y2013",828,919,77,408,574,10,124,1549,183,3497,169,466,1
"187",5770,"Minden-Lübbecke",2013,"5770y2013",810,1099,87,302,470,7,138,1548,294,4143,196,525,1
"188",5774,"Paderborn",2013,"5774y2013",1086,956,63,412,566,3,120,1755,211,4488,145,365,1
"189",5911,"Bochum",2013,"5911y2013",2466,2924,152,872,1337,9,417,3810,489,9116,750,1549,1
"190",5913,"Dortmund",2013,"5913y2013",3975,6593,336,1935,3257,19,1221,6362,1291,20325,1293,2464,1
"191",5914,"Hagen",2013,"5914y2013",1010,979,55,320,553,2,212,1817,240,3783,318,630,1
"192",5915,"Hamm",2013,"5915y2013",793,1092,47,297,455,4,120,1724,245,4019,168,348,1
"193",5916,"Herne",2013,"5916y2013",1015,1093,80,246,409,3,146,1592,169,3963,292,619,1
"194",5954,"Ennepe-Ruhr-Kreis",2013,"5954y2013",1328,1332,91,395,589,4,173,2922,429,5141,554,1079,1
"195",5958,"Hochsauerlandkreis",2013,"5958y2013",949,846,43,232,358,9,89,1824,194,3240,92,311,1
"196",5962,"Märkischer Kreis",2013,"5962y2013",2117,1984,105,583,875,14,234,3888,275,6558,449,974,1
"197",5966,"Olpe",2013,"5966y2013",560,304,31,170,209,1,33,951,79,1335,68,170,1
"198",5970,"Siegen-Wittgenstein",2013,"5970y2013",1112,644,38,381,483,1,81,2302,344,3553,133,322,1
"199",5974,"Soest",2013,"5974y2013",1245,954,75,372,521,4,118,2479,271,5065,226,549,1
"200",5978,"Unna",2013,"5978y2013",1676,1807,127,556,872,5,272,3565,577,7780,620,1362,1
"201",6411,"Darmstadt",2013,"6411y2013",574,459,29,315,438,1,109,1098,282,2275,91,208,1
"202",6412,"Frankfurt am Main",2013,"6412y2013",3914,5609,284,2176,3315,34,1016,7296,1664,19380,838,2130,1
"203",6413,"Offenbach am Main",2013,"6413y2013",568,929,41,314,558,8,210,902,131,2680,219,460,1
"204",6414,"Wiesbaden",2013,"6414y2013",1635,1606,72,792,1062,13,222,2350,221,4867,261,555,1
"205",6431,"Bergstraße",2013,"6431y2013",537,752,28,228,324,10,79,1051,66,2577,132,353,1
"206",6432,"Darmstadt-Dieburg",2013,"6432y2013",583,619,39,236,308,7,56,1067,104,2144,125,330,1
"207",6433,"Groß-Gerau",2013,"6433y2013",454,645,38,202,289,5,67,1064,72,2298,210,394,1
"208",6434,"Hochtaunuskreis",2013,"6434y2013",600,644,67,213,309,9,69,1382,171,2337,306,713,1
"209",6435,"Main-Kinzig-Kreis",2013,"6435y2013",908,1034,80,350,582,16,175,2042,318,4038,268,746,1
"210",6436,"Main-Taunus-Kreis",2013,"6436y2013",621,801,51,275,356,3,64,1202,67,2547,250,610,1
"211",6437,"Odenwaldkreis",2013,"6437y2013",193,110,6,76,102,0,22,370,25,514,22,59,1
"212",6438,"Offenbach",2013,"6438y2013",831,1203,77,375,582,6,175,1684,216,4153,331,798,1
"213",6439,"Rheingau-Taunus-Kreis",2013,"6439y2013",420,450,24,149,203,3,35,952,109,1432,119,306,1
"214",6440,"Wetteraukreis",2013,"6440y2013",786,762,82,292,408,15,89,1609,102,2681,187,451,1
"215",6531,"Gießen",2013,"6531y2013",880,649,70,350,512,22,111,1341,116,2544,176,476,1
"216",6532,"Lahn-Dill-Kreis",2013,"6532y2013",584,490,35,216,320,25,62,962,85,1793,144,312,1
"217",6533,"Limburg-Weilburg",2013,"6533y2013",464,615,32,212,280,11,39,793,46,1481,99,235,1
"218",6534,"Marburg-Biedenkopf",2013,"6534y2013",835,389,31,251,371,11,83,1454,255,1838,71,208,1
"219",6535,"Vogelsbergkreis",2013,"6535y2013",275,217,12,91,119,5,15,446,16,656,25,82,1
"220",6611,"Kassel",2013,"6611y2013",936,1012,121,483,769,16,246,1747,356,3787,200,422,1
"221",6631,"Fulda",2013,"6631y2013",622,486,26,249,342,7,74,1137,241,1856,45,131,1
"222",6632,"Hersfeld-Rotenburg",2013,"6632y2013",391,368,21,136,207,7,59,626,41,958,31,133,1
"223",6633,"Kassel",2013,"6633y2013",407,375,79,198,256,3,44,965,128,1363,117,285,1
"224",6634,"Schwalm-Eder-Kreis",2013,"6634y2013",413,403,39,165,244,8,56,813,90,1214,67,209,1
"225",6635,"Waldeck-Frankenberg",2013,"6635y2013",412,327,22,135,192,3,44,607,59,1074,33,110,1
"226",6636,"Werra-Meißner-Kreis",2013,"6636y2013",328,239,32,95,137,6,25,707,79,946,23,79,1
"227",7111,"Koblenz",2013,"7111y2013",1077,485,46,343,429,2,77,1980,889,3240,100,198,1
"228",7131,"Ahrweiler",2013,"7131y2013",596,427,54,211,258,1,35,1061,136,2111,124,304,1
"229",7132,"Altenkirchen (Westerwald)",2013,"7132y2013",704,245,38,231,270,0,32,883,51,1086,47,141,1
"230",7133,"Bad Kreuznach",2013,"7133y2013",871,412,27,270,372,4,79,1144,68,1736,79,218,1
"231",7134,"Birkenfeld",2013,"7134y2013",393,204,16,107,132,2,13,563,48,691,35,106,1
"232",7135,"Cochem-Zell",2013,"7135y2013",301,128,15,72,83,2,7,318,30,496,34,66,1
"233",7137,"Mayen-Koblenz",2013,"7137y2013",860,472,45,286,350,3,47,1236,108,1956,136,324,1
"234",7138,"Neuwied",2013,"7138y2013",811,439,43,237,330,4,72,1211,143,1888,159,327,1
"235",7140,"Rhein-Hunsrück-Kreis",2013,"7140y2013",276,259,19,101,132,0,24,526,60,792,24,83,1
"236",7141,"Rhein-Lahn-Kreis",2013,"7141y2013",495,171,21,139,177,0,24,681,35,825,48,125,1
"237",7143,"Westerwaldkreis",2013,"7143y2013",827,539,62,202,251,2,29,1069,156,1546,120,272,1
"238",7211,"Trier",2013,"7211y2013",893,366,39,305,413,1,101,1466,123,2389,56,152,1
"239",7231,"Bernkastel-Wittlich",2013,"7231y2013",508,298,40,149,186,3,19,551,38,918,57,98,1
"240",7232,"Eifelkreis Bitburg-Prüm",2013,"7232y2013",284,229,27,89,117,0,17,374,17,589,82,136,1
"241",7233,"Vulkaneifel",2013,"7233y2013",258,151,11,68,80,1,7,344,47,496,27,56,1
"242",7235,"Trier-Saarburg",2013,"7235y2013",406,242,24,130,157,1,18,637,28,858,60,142,1
"243",7311,"Frankenthal (Pfalz)",2013,"7311y2013",357,138,17,110,158,0,42,450,71,911,36,70,1
"244",7312,"Kaiserslautern",2013,"7312y2013",1150,1142,43,457,592,3,122,1340,169,3053,83,198,1
"245",7313,"Landau in der Pfalz",2013,"7313y2013",329,219,17,116,154,0,29,594,55,1200,24,63,1
"246",7314,"Ludwigshafen am Rhein",2013,"7314y2013",1770,1045,44,560,795,5,202,1685,129,3708,113,249,1
"247",7315,"Mainz",2013,"7315y2013",1786,693,56,597,754,7,131,1968,374,4076,187,369,1
"248",7316,"Neustadt an der Weinstraße",2013,"7316y2013",339,290,10,172,196,1,18,478,44,922,37,85,1
"249",7317,"Pirmasens",2013,"7317y2013",309,250,10,122,167,3,38,466,35,772,24,79,1
"250",7318,"Speyer",2013,"7318y2013",412,214,15,112,149,0,31,494,21,1181,32,96,1
"251",7319,"Worms",2013,"7319y2013",573,408,33,239,371,0,114,741,83,1708,83,149,1
"252",7320,"Zweibrücken",2013,"7320y2013",185,193,14,53,71,0,17,291,27,554,20,42,1
"253",7331,"Alzey-Worms",2013,"7331y2013",404,387,12,131,164,2,24,629,51,1032,76,178,1
"254",7332,"Bad Dürkheim",2013,"7332y2013",703,480,23,226,283,0,50,881,57,1828,73,215,1
"255",7333,"Donnersbergkreis",2013,"7333y2013",303,297,17,117,147,0,28,435,15,759,52,144,1
"256",7334,"Germersheim",2013,"7334y2013",636,387,28,177,208,1,22,878,88,1671,88,193,1
"257",7335,"Kaiserslautern",2013,"7335y2013",423,475,23,122,143,0,16,615,45,1143,51,162,1
"258",7336,"Kusel",2013,"7336y2013",277,161,14,86,100,1,11,374,19,607,27,87,1
"259",7337,"Südliche Weinstraße",2013,"7337y2013",431,179,18,135,154,0,11,793,68,1239,65,171,1
"260",7338,"Rhein-Pfalz-Kreis",2013,"7338y2013",652,326,34,156,215,1,39,868,163,1430,72,193,1
"261",7339,"Mainz-Bingen",2013,"7339y2013",883,656,26,211,266,4,37,1326,133,2220,143,308,1
"262",7340,"Südwestpfalz",2013,"7340y2013",190,155,16,66,83,1,6,383,30,597,26,59,1
"263",8111,"Stuttgart",2013,"8111y2013",4758,1500,92,1567,2272,19,576,6640,1416,8394,489,1025,1
"264",8115,"Böblingen",2013,"8115y2013",1319,897,55,319,423,10,65,1870,179,2631,122,311,1
"265",8116,"Esslingen",2013,"8116y2013",1521,927,72,499,644,16,103,2971,385,3884,161,396,1
"266",8117,"Göppingen",2013,"8117y2013",780,342,33,214,316,6,75,1380,120,1625,57,135,1
"267",8118,"Ludwigsburg",2013,"8118y2013",1709,1041,87,412,577,10,123,2947,281,3927,126,412,1
"268",8119,"Rems-Murr-Kreis",2013,"8119y2013",1577,748,37,420,541,12,94,2570,315,3061,149,376,1
"269",8121,"Heilbronn",2013,"8121y2013",619,405,37,221,297,4,63,1269,300,1631,34,97,1
"270",8125,"Heilbronn",2013,"8125y2013",674,740,68,206,273,4,39,1675,186,2296,64,171,1
"271",8126,"Hohenlohekreis",2013,"8126y2013",271,234,17,100,121,1,11,524,58,702,24,80,1
"272",8127,"Schwäbisch Hall",2013,"8127y2013",522,382,31,152,211,3,43,840,140,1125,33,105,1
"273",8128,"Main-Tauber-Kreis",2013,"8128y2013",278,180,6,56,87,2,18,664,45,765,11,54,1
"274",8135,"Heidenheim",2013,"8135y2013",352,225,16,150,191,1,28,913,25,1178,32,83,1
"275",8136,"Ostalbkreis",2013,"8136y2013",849,425,45,297,395,5,68,1395,73,1763,24,170,1
"276",8211,"Baden-Baden",2013,"8211y2013",214,228,14,86,118,7,22,391,14,722,24,68,1
"277",8212,"Karlsruhe",2013,"8212y2013",1413,1690,57,685,940,9,226,2546,492,6776,372,752,1
"278",8215,"Karlsruhe",2013,"8215y2013",921,931,76,310,440,8,91,2092,222,3711,185,436,1
"279",8216,"Rastatt",2013,"8216y2013",669,583,34,243,324,6,60,1396,192,2142,74,216,1
"280",8221,"Heidelberg",2013,"8221y2013",711,410,30,276,366,3,78,1414,288,2738,110,350,1
"281",8222,"Mannheim",2013,"8222y2013",1474,2116,98,809,1159,20,279,2664,229,7430,264,587,1
"282",8225,"Neckar-Odenwald-Kreis",2013,"8225y2013",356,238,25,103,157,2,41,621,79,858,24,69,1
"283",8226,"Rhein-Neckar-Kreis",2013,"8226y2013",1405,1518,79,453,584,11,95,2909,338,5515,196,670,1
"284",8231,"Pforzheim",2013,"8231y2013",775,347,32,205,298,3,74,864,27,1373,133,316,1
"285",8235,"Calw",2013,"8235y2013",397,231,11,76,115,11,15,840,50,949,25,81,1
"286",8236,"Enzkreis",2013,"8236y2013",366,257,22,86,124,2,32,997,87,1083,150,342,1
"287",8237,"Freudenstadt",2013,"8237y2013",329,184,13,136,161,4,14,531,41,642,26,72,1
"288",8311,"Freiburg im Breisgau",2013,"8311y2013",2106,916,60,671,870,6,161,2594,729,5240,173,496,1
"289",8315,"Breisgau-Hochschwarzwald",2013,"8315y2013",987,584,56,245,311,5,48,1451,133,2349,142,421,1
"290",8316,"Emmendingen",2013,"8316y2013",566,314,21,171,230,1,38,814,64,1384,64,188,1
"291",8317,"Ortenaukreis",2013,"8317y2013",1400,1421,112,369,575,14,151,2533,245,5305,152,427,1
"292",8325,"Rottweil",2013,"8325y2013",298,214,23,106,130,3,21,628,44,755,19,56,1
"293",8326,"Schwarzwald-Baar-Kreis",2013,"8326y2013",456,331,24,198,269,2,53,1084,66,1480,34,117,1
"294",8327,"Tuttlingen",2013,"8327y2013",454,172,30,135,176,3,31,671,30,835,24,109,1
"295",8335,"Konstanz",2013,"8335y2013",1111,657,45,359,489,13,83,1923,135,3369,84,306,1
"296",8336,"Lörrach",2013,"8336y2013",1069,619,42,275,378,3,76,2171,85,3408,91,269,1
"297",8337,"Waldshut",2013,"8337y2013",525,256,26,136,191,3,37,958,59,1107,39,114,1
"298",8415,"Reutlingen",2013,"8415y2013",1009,577,24,360,447,13,52,1872,125,2569,71,225,1
"299",8416,"Tübingen",2013,"8416y2013",721,497,20,198,249,5,33,1519,295,1924,65,182,1
"300",8417,"Zollernalbkreis",2013,"8417y2013",527,277,23,213,253,2,26,1021,115,1059,30,86,1
"301",8421,"Ulm",2013,"8421y2013",663,290,10,256,368,8,88,1005,252,1706,56,150,1
"302",8425,"Alb-Donau-Kreis",2013,"8425y2013",337,248,15,110,154,4,25,678,52,938,65,191,1
"303",8426,"Biberach",2013,"8426y2013",679,296,23,136,175,3,26,810,55,1080,36,136,1
"304",8435,"Bodenseekreis",2013,"8435y2013",646,360,21,204,251,2,30,999,73,1702,42,222,1
"305",8436,"Ravensburg",2013,"8436y2013",1201,537,46,385,477,7,68,1534,101,2282,55,154,1
"306",8437,"Sigmaringen",2013,"8437y2013",408,239,15,144,176,4,16,612,34,843,23,72,1
"307",9161,"Ingolstadt",2013,"9161y2013",1071,251,45,315,378,9,44,1038,108,1933,64,132,1
"308",9162,"München",2013,"9162y2013",8816,1968,217,3339,4070,37,541,10644,1790,18781,560,1185,1
"309",9163,"Rosenheim",2013,"9163y2013",721,103,14,208,252,6,24,501,41,1139,21,48,1
"310",9171,"Altötting",2013,"9171y2013",404,146,8,107,133,4,20,746,69,1097,8,33,1
"311",9172,"Berchtesgadener Land",2013,"9172y2013",339,86,13,66,101,5,20,554,25,775,9,34,1
"312",9173,"Bad Tölz-Wolfratshausen",2013,"9173y2013",390,108,25,90,113,3,18,600,38,793,11,38,1
"313",9174,"Dachau",2013,"9174y2013",435,145,31,104,140,1,21,702,96,1020,36,87,1
"314",9175,"Ebersberg",2013,"9175y2013",321,94,14,109,138,2,18,628,127,925,36,81,1
"315",9176,"Eichstätt",2013,"9176y2013",265,120,52,93,110,0,7,390,17,620,28,90,1
"316",9177,"Erding",2013,"9177y2013",409,131,24,115,142,1,15,579,61,919,11,39,1
"317",9178,"Freising",2013,"9178y2013",459,218,28,142,175,0,18,779,113,1384,43,90,1
"318",9179,"Fürstenfeldbruck",2013,"9179y2013",608,207,17,136,176,3,29,1112,145,1664,35,112,1
"319",9180,"Garmisch-Partenkirchen",2013,"9180y2013",250,71,10,64,76,4,5,464,49,764,15,42,1
"320",9181,"Landsberg am Lech",2013,"9181y2013",335,135,12,78,103,3,11,524,59,716,13,61,1
"321",9182,"Miesbach",2013,"9182y2013",256,73,15,86,105,4,6,427,98,574,11,32,1
"322",9183,"Mühldorf a.Inn",2013,"9183y2013",384,238,15,86,121,4,17,463,22,914,9,36,1
"323",9184,"München",2013,"9184y2013",740,356,58,283,348,2,46,1786,285,2770,104,261,1
"324",9185,"Neuburg-Schrobenhausen",2013,"9185y2013",402,68,26,115,140,0,12,413,22,708,12,40,1
"325",9186,"Pfaffenhofen a.d.Ilm",2013,"9186y2013",526,212,33,144,167,6,13,539,44,865,28,84,1
"326",9187,"Rosenheim",2013,"9187y2013",830,277,38,191,224,9,17,1002,90,1618,28,92,1
"327",9188,"Starnberg",2013,"9188y2013",285,174,16,91,124,3,19,629,93,906,51,123,1
"328",9189,"Traunstein",2013,"9189y2013",593,181,25,163,195,6,19,871,133,1191,17,45,1
"329",9190,"Weilheim-Schongau",2013,"9190y2013",424,67,19,87,104,1,14,710,103,891,19,50,1
"330",9261,"Landshut",2013,"9261y2013",774,177,15,192,236,1,38,798,37,1367,20,62,1
"331",9262,"Passau",2013,"9262y2013",421,114,11,113,148,6,27,398,36,671,20,34,1
"332",9263,"Straubing",2013,"9263y2013",423,201,12,113,154,1,23,404,28,979,12,34,1
"333",9271,"Deggendorf",2013,"9271y2013",575,209,20,154,185,4,17,728,99,1025,25,80,1
"334",9272,"Freyung-Grafenau",2013,"9272y2013",234,48,20,52,63,0,4,220,1,237,1,6,1
"335",9273,"Kelheim",2013,"9273y2013",403,140,19,128,144,0,10,487,52,639,18,47,1
"336",9274,"Landshut",2013,"9274y2013",495,147,19,115,140,2,18,539,60,738,23,61,1
"337",9275,"Passau",2013,"9275y2013",555,243,22,124,150,4,17,640,32,888,30,92,1
"338",9276,"Regen",2013,"9276y2013",252,65,7,58,71,3,3,294,26,313,5,8,1
"339",9277,"Rottal-Inn",2013,"9277y2013",443,130,18,137,161,10,8,542,16,777,15,43,1
"340",9278,"Straubing-Bogen",2013,"9278y2013",265,90,16,53,65,1,4,283,17,375,9,22,1
"341",9279,"Dingolfing-Landau",2013,"9279y2013",364,91,13,91,104,1,8,372,24,494,9,28,1
"342",9361,"Amberg",2013,"9361y2013",279,112,13,58,78,0,17,395,35,613,20,38,1
"343",9362,"Regensburg",2013,"9362y2013",1178,555,61,323,441,5,94,1321,149,3151,55,130,1
"344",9363,"Weiden i.d.OPf.",2013,"9363y2013",406,110,16,106,134,6,20,479,56,703,18,36,1
"345",9371,"Amberg-Sulzbach",2013,"9371y2013",238,111,14,77,95,0,12,412,31,487,12,25,1
"346",9372,"Cham",2013,"9372y2013",404,201,31,96,108,0,6,614,52,791,12,30,1
"347",9373,"Neumarkt i.d.OPf.",2013,"9373y2013",391,224,22,98,110,2,4,504,45,818,17,48,1
"348",9374,"Neustadt a.d.Waldnaab",2013,"9374y2013",329,89,26,96,114,2,7,316,25,389,3,11,1
"349",9375,"Regensburg",2013,"9375y2013",438,242,30,92,118,4,13,642,69,888,29,58,1
"350",9376,"Schwandorf",2013,"9376y2013",510,220,35,145,172,1,18,548,11,846,8,35,1
"351",9377,"Tirschenreuth",2013,"9377y2013",182,62,24,37,54,2,9,264,23,318,2,18,1
"352",9461,"Bamberg",2013,"9461y2013",536,110,17,146,182,5,24,874,107,1394,13,22,1
"353",9462,"Bayreuth",2013,"9462y2013",459,138,18,168,216,9,25,679,120,1035,12,32,1
"354",9463,"Coburg",2013,"9463y2013",387,90,8,94,132,12,21,525,76,686,8,26,1
"355",9464,"Hof",2013,"9464y2013",491,84,8,125,173,2,38,508,46,539,15,35,1
"356",9471,"Bamberg",2013,"9471y2013",449,149,19,154,173,3,8,515,38,678,13,41,1
"357",9472,"Bayreuth",2013,"9472y2013",287,122,15,68,84,1,8,368,31,401,9,25,1
"358",9473,"Coburg",2013,"9473y2013",294,59,17,82,108,8,11,480,96,492,4,19,1
"359",9474,"Forchheim",2013,"9474y2013",326,67,6,79,99,9,8,444,45,562,8,24,1
"360",9475,"Hof",2013,"9475y2013",394,79,16,83,103,4,14,589,74,580,11,39,1
"361",9476,"Kronach",2013,"9476y2013",260,47,8,81,108,8,12,378,60,352,1,10,1
"362",9477,"Kulmbach",2013,"9477y2013",360,65,8,84,109,7,9,423,38,428,7,13,1
"363",9478,"Lichtenfels",2013,"9478y2013",355,38,7,93,130,12,22,443,42,425,1,8,1
"364",9479,"Wunsiedel i.Fichtelgebirge",2013,"9479y2013",372,94,11,77,93,1,11,479,22,541,5,16,1
"365",9561,"Ansbach",2013,"9561y2013",266,81,7,72,97,4,17,315,43,418,2,8,1
"366",9562,"Erlangen",2013,"9562y2013",626,130,24,186,228,5,30,880,112,1770,20,45,1
"367",9563,"Fürth",2013,"9563y2013",527,230,14,177,251,8,45,822,175,1496,39,93,1
"368",9564,"Nürnberg",2013,"9564y2013",4218,1370,107,1454,1914,25,359,4957,866,9404,236,538,1
"369",9565,"Schwabach",2013,"9565y2013",140,36,8,33,40,2,3,282,17,351,4,13,1
"370",9571,"Ansbach",2013,"9571y2013",537,396,18,146,186,8,21,730,38,1012,15,43,1
"371",9572,"Erlangen-Höchstadt",2013,"9572y2013",290,114,14,82,104,5,10,611,124,795,27,67,1
"372",9573,"Fürth",2013,"9573y2013",215,114,12,71,87,0,13,380,69,523,27,71,1
"373",9574,"Nürnberger Land",2013,"9574y2013",534,210,32,160,197,2,26,931,83,1329,23,71,1
"374",9575,"Neustadt a.d.Aisch-Bad Windsheim",2013,"9575y2013",268,85,13,99,118,3,10,491,80,569,5,24,1
"375",9576,"Roth",2013,"9576y2013",304,137,21,91,116,1,17,528,72,689,16,39,1
"376",9577,"Weißenburg-Gunzenhausen",2013,"9577y2013",351,62,12,84,106,1,12,525,39,594,6,20,1
"377",9661,"Aschaffenburg",2013,"9661y2013",592,175,18,153,199,2,36,582,96,1086,12,34,1
"378",9662,"Schweinfurt",2013,"9662y2013",457,140,22,135,160,4,12,512,30,783,9,26,1
"379",9663,"Würzburg",2013,"9663y2013",931,247,20,293,354,2,47,1271,171,1958,36,83,1
"380",9671,"Aschaffenburg",2013,"9671y2013",408,182,42,84,111,6,15,590,44,838,53,103,1
"381",9672,"Bad Kissingen",2013,"9672y2013",377,150,13,76,98,0,12,590,43,694,13,35,1
"382",9673,"Rhön-Grabfeld",2013,"9673y2013",297,103,11,78,85,1,5,355,27,418,10,18,1
"383",9674,"Haßberge",2013,"9674y2013",395,83,9,88,102,1,7,381,16,443,8,12,1
"384",9675,"Kitzingen",2013,"9675y2013",270,135,9,74,93,3,15,431,26,642,19,50,1
"385",9676,"Miltenberg",2013,"9676y2013",454,157,11,117,136,6,7,603,63,821,15,40,1
"386",9677,"Main-Spessart",2013,"9677y2013",303,85,7,90,106,1,6,621,36,687,8,38,1
"387",9678,"Schweinfurt",2013,"9678y2013",324,118,17,60,75,1,7,391,32,531,10,26,1
"388",9679,"Würzburg",2013,"9679y2013",287,190,16,66,77,0,7,475,42,640,33,64,1
"389",9761,"Augsburg",2013,"9761y2013",2500,509,74,560,719,7,125,1836,242,3470,58,147,1
"390",9762,"Kaufbeuren",2013,"9762y2013",319,105,8,81,101,3,8,375,68,553,2,8,1
"391",9763,"Kempten (Allgäu)",2013,"9763y2013",592,100,6,149,181,7,19,487,68,626,5,21,1
"392",9764,"Memmingen",2013,"9764y2013",308,161,5,97,127,3,22,334,45,645,6,11,1
"393",9771,"Aichach-Friedberg",2013,"9771y2013",292,143,9,93,112,3,10,416,46,787,26,55,1
"394",9772,"Augsburg",2013,"9772y2013",824,226,34,185,218,2,19,854,92,1421,51,115,1
"395",9773,"Dillingen a.d.Donau",2013,"9773y2013",332,86,22,75,90,1,8,403,21,546,10,31,1
"396",9774,"Günzburg",2013,"9774y2013",422,193,15,129,153,0,17,519,35,760,21,79,1
"397",9775,"Neu-Ulm",2013,"9775y2013",807,251,36,217,273,3,44,855,119,1418,33,75,1
"398",9776,"Lindau (Bodensee)",2013,"9776y2013",209,80,5,70,99,3,20,429,53,617,13,33,1
"399",9777,"Ostallgäu",2013,"9777y2013",435,113,14,109,128,1,9,480,82,713,14,37,1
"400",9778,"Unterallgäu",2013,"9778y2013",412,151,14,123,140,4,9,454,28,684,24,61,1
"401",9779,"Donau-Ries",2013,"9779y2013",465,122,27,96,114,2,11,590,21,793,16,32,1
"402",9780,"Oberallgäu",2013,"9780y2013",478,90,25,99,119,4,8,561,77,732,10,26,1
