"","district","district_year","districtName","bodily harm","dangerous bodily harm","violent crime","murder and manslaughter","robbery","HusbandAndWifeTotal","GraduatesTotal","GraduatesWithHouthDegreeTotal","GraduatesWithHauptschulDegreeTotal","GraduatesWithRealschulDegreeTotal","GraduatesWithFachhochschulDegreeTotal","GraduatesWithHochschulreifeDegreeTotal","UnemployedTotal","UnemployedTotal15to25","UnemployedPercentage"
"1",2,"2y2013",NA,14703,5406,8665,56,3046,6746,13874,697,1425,3625,61,8066,71557,5468,8.6
"2",11,"11y2013",NA,28924,10340,17275,106,6222,12963,29211,2115,5100,9825,0,12171,210083,19108,13.9
"3",1001,"1001y2013",NA,651,223,329,0,97,493,1282,97,226,373,41,545,5205,642,12.3
"4",1002,"1002y2013",NA,1948,640,937,5,258,995,2186,168,399,645,68,906,13070,1251,11.4
"5",1003,"1003y2013",NA,1926,658,948,3,255,1002,2100,180,549,667,60,644,11109,1212,11.6
"6",1004,"1004y2013",NA,860,226,318,1,75,339,1087,96,173,386,33,399,4458,557,12.5
"7",1051,"1051y2013",NA,596,126,194,0,58,724,1553,133,357,687,21,355,5003,645,8.6
"8",1053,"1053y2013",NA,813,222,307,3,66,837,1809,155,393,702,52,507,6191,747,7
"9",1054,"1054y2013",NA,874,215,288,3,54,2076,1979,142,461,907,27,442,5868,577,7.3
"10",1055,"1055y2013",NA,904,245,324,6,52,1428,2148,186,488,848,51,575,6489,697,7.3
"11",1056,"1056y2013",NA,1551,433,592,6,127,1855,3316,215,598,1243,100,1160,8815,878,6.1
"12",1057,"1057y2013",NA,514,123,152,0,20,743,1151,93,247,525,20,266,3582,372,6.4
"13",1058,"1058y2013",NA,1100,338,459,4,78,1292,2717,220,660,1052,64,721,7687,926,6.4
"14",1059,"1059y2013",NA,704,167,228,6,36,1128,1935,165,473,821,14,462,7878,948,8.6
"15",1060,"1060y2013",NA,1026,249,388,4,105,1098,2729,196,589,1102,59,783,7171,695,5.7
"16",1061,"1061y2013",NA,550,139,227,1,69,566,1348,95,345,526,19,363,4156,527,6.9
"17",1062,"1062y2013",NA,831,204,297,5,70,1285,2204,96,287,758,65,998,5067,493,4.7
"18",3101,"3101y2013",NA,1772,750,997,10,202,1147,2578,151,274,875,85,1193,9301,632,7.8
"19",3102,"3102y2013",NA,466,171,227,3,41,334,1114,37,185,649,15,228,4680,451,10.4
"20",3103,"3103y2013",NA,577,162,255,7,73,663,1519,61,169,649,61,579,3153,306,5.4
"21",3151,"3151y2013",NA,686,219,285,4,42,698,1722,81,208,969,20,444,4698,521,5.7
"22",3152,"3152y2013",NA,1349,454,592,8,109,1000,2485,106,256,926,163,1034,8725,679,7.5
"23",3153,"3153y2013",NA,739,242,340,5,70,731,1376,80,185,716,20,375,5995,495,9.9
"24",3154,"3154y2013",NA,385,152,187,2,22,356,901,54,114,429,21,283,3532,344,8.3
"25",3155,"3155y2013",NA,540,184,238,3,39,624,1482,64,214,687,21,496,5078,503,8.1
"26",3156,"3156y2013",NA,291,84,113,1,19,311,703,27,115,380,10,171,2954,275,8.7
"27",3157,"3157y2013",NA,397,152,187,5,18,512,1396,59,167,686,44,440,4153,431,6.7
"28",3158,"3158y2013",NA,366,116,158,6,24,590,1126,45,122,604,11,344,3791,349,6.9
"29",3241,"3241y2013",NA,7429,2719,3701,31,801,4833,11202,544,1396,4613,291,4358,48239,4589,9.1
"30",3251,"3251y2013",NA,775,231,354,8,90,924,2361,83,313,1252,51,662,5240,623,5.1
"31",3252,"3252y2013",NA,714,293,371,8,53,687,1568,112,255,732,19,450,6206,709,9.1
"32",3254,"3254y2013",NA,1393,434,579,7,104,1138,3191,181,415,1440,57,1098,10920,1118,8.5
"33",3255,"3255y2013",NA,291,111,136,3,17,297,692,50,122,381,8,131,2970,307,9.3
"34",3256,"3256y2013",NA,388,143,230,9,65,540,1570,78,228,733,126,405,3951,447,6.9
"35",3257,"3257y2013",NA,534,189,272,3,65,708,1675,62,186,731,58,638,5509,612,7.7
"36",3351,"3351y2013",NA,919,312,423,13,69,898,1984,114,358,1034,21,457,6621,743,8.3
"37",3352,"3352y2013",NA,744,330,449,5,92,1211,1997,143,305,1104,14,431,6133,662,6.9
"38",3353,"3353y2013",NA,879,238,355,9,84,1148,2543,73,284,1335,17,834,6233,627,5.4
"39",3354,"3354y2013",NA,170,63,85,3,12,212,528,28,95,264,8,133,2353,229,12
"40",3355,"3355y2013",NA,1018,331,440,3,92,1055,1910,76,229,880,55,670,5990,549,7.2
"41",3356,"3356y2013",NA,392,153,218,5,50,533,1253,75,210,577,11,380,2621,319,5
"42",3357,"3357y2013",NA,848,347,472,12,82,685,2002,95,279,1080,30,518,3888,438,5
"43",3358,"3358y2013",NA,828,268,353,8,51,592,1689,128,290,815,30,426,4927,616,7.5
"44",3359,"3359y2013",NA,710,231,367,6,112,1082,2206,112,310,1157,40,587,6509,760,6.8
"45",3360,"3360y2013",NA,312,96,145,2,35,390,1050,35,141,563,40,271,3197,355,7.8
"46",3361,"3361y2013",NA,544,171,260,9,53,640,1537,74,183,819,9,452,4006,311,6.2
"47",3401,"3401y2013",NA,428,156,248,0,82,304,868,59,163,398,20,228,4207,425,11.9
"48",3402,"3402y2013",NA,380,153,195,0,32,228,567,53,65,278,8,163,2335,276,10
"49",3403,"3403y2013",NA,807,279,439,5,134,839,1906,114,206,685,76,825,7144,807,9.1
"50",3404,"3404y2013",NA,1032,556,816,5,219,652,2114,98,166,871,86,893,6606,633,8.6
"51",3405,"3405y2013",NA,617,275,369,3,72,366,827,47,138,347,15,280,4633,484,13.7
"52",3451,"3451y2013",NA,323,100,140,4,25,587,1351,36,229,727,28,331,2813,242,5
"53",3452,"3452y2013",NA,979,390,467,3,56,1664,2436,200,396,1240,92,508,7713,832,8.8
"54",3453,"3453y2013",NA,684,193,249,0,38,717,2185,104,454,1249,16,362,4871,602,6.3
"55",3454,"3454y2013",NA,1434,509,647,7,100,1410,3981,186,620,2192,29,954,6207,790,4.1
"56",3455,"3455y2013",NA,523,144,189,5,30,793,1070,38,190,618,10,214,3004,286,6.8
"57",3456,"3456y2013",NA,469,171,225,2,45,645,1705,117,269,892,70,357,3192,324,5
"58",3457,"3457y2013",NA,635,193,263,3,52,946,1870,140,402,959,22,347,5385,658,7.2
"59",3458,"3458y2013",NA,432,141,177,3,26,582,1199,51,216,772,13,147,3247,329,5.3
"60",3459,"3459y2013",NA,902,291,455,7,118,1622,3466,143,484,2056,63,720,7776,722,4.5
"61",3460,"3460y2013",NA,494,224,312,5,69,615,1783,81,228,934,34,506,3076,393,4.3
"62",3461,"3461y2013",NA,342,132,177,3,31,362,1068,44,166,573,11,274,3490,418,8.5
"63",3462,"3462y2013",NA,246,79,97,1,8,534,704,33,132,334,14,191,1934,209,7.7
"64",4011,"4011y2013",NA,3979,1529,2639,14,1018,2148,5770,352,1192,2060,0,2166,28878,2603,11.5
"65",4012,"4012y2013",NA,981,334,588,7,223,471,1563,97,300,560,0,606,8319,834,16.3
"66",5111,"5111y2013",NA,3894,1463,2609,12,1023,2864,6837,342,813,2166,0,3516,27715,1596,9.8
"67",5112,"5112y2013",NA,2835,1160,1879,22,638,1727,6065,343,967,2055,1,2699,31555,2986,14.3
"68",5113,"5113y2013",NA,2595,1136,1924,11,699,2229,7537,437,859,2388,1,3852,35896,3445,13.6
"69",5114,"5114y2013",NA,1562,460,733,2,239,973,3479,196,584,1164,0,1535,12800,1029,12.5
"70",5116,"5116y2013",NA,1269,575,853,8,234,916,3913,277,758,1098,0,1780,15053,1650,12.7
"71",5117,"5117y2013",NA,599,242,389,4,126,966,2140,72,218,678,0,1172,6336,275,8.3
"72",5119,"5119y2013",NA,1181,370,581,4,187,935,2599,121,448,869,3,1158,13194,1377,13.6
"73",5120,"5120y2013",NA,661,173,249,1,66,419,1706,48,291,613,0,754,5420,563,10.3
"74",5122,"5122y2013",NA,725,248,368,3,108,703,2050,91,307,657,0,995,7398,791,9.9
"75",5124,"5124y2013",NA,2470,650,1152,6,451,1614,4637,225,695,1547,4,2166,21122,2188,13.1
"76",5154,"5154y2013",NA,1097,345,515,6,148,1441,4265,234,646,1691,0,1694,10171,1169,7.2
"77",5158,"5158y2013",NA,2037,687,945,10,219,1990,6445,285,883,2481,0,2796,18023,1486,7.9
"78",5162,"5162y2013",NA,1657,478,748,2,224,2077,6502,222,770,2225,0,3285,14622,1239,7.1
"79",5166,"5166y2013",NA,943,287,425,6,114,1329,4794,208,559,1670,2,2355,11316,1198,8
"80",5170,"5170y2013",NA,2085,672,980,2,286,2201,6606,283,900,2402,0,3021,17582,1814,8.2
"81",5314,"5314y2013",NA,1749,679,1185,0,457,1449,5448,153,528,1668,5,3094,11368,898,7.8
"82",5315,"5315y2013",NA,8615,3488,5574,35,1851,5190,11805,504,1736,3922,6,5637,52124,3718,10.6
"83",5316,"5316y2013",NA,967,371,552,4,161,611,2350,135,256,767,0,1192,6860,779,9.3
"84",5334,"5334y2013",NA,2987,1321,2058,20,649,2580,7422,273,977,2338,0,3834,25069,2338,9.8
"85",5358,"5358y2013",NA,1297,443,665,7,189,1177,3857,146,568,1419,0,1724,10793,1292,8.8
"86",5362,"5362y2013",NA,2166,643,1052,13,340,2112,6171,212,804,2232,0,2923,18403,1851,8.6
"87",5366,"5366y2013",NA,649,254,345,2,81,868,3158,102,464,1138,0,1454,6192,744,6.8
"88",5370,"5370y2013",NA,1095,344,503,5,125,1238,3834,164,518,1416,0,1736,9443,1194,8.1
"89",5374,"5374y2013",NA,964,328,464,6,101,1310,4516,167,568,1795,0,1986,8750,1005,6.7
"90",5378,"5378y2013",NA,904,248,360,1,90,1369,3791,101,402,1337,0,1951,9205,803,7.2
"91",5382,"5382y2013",NA,1752,662,1036,10,313,2790,8222,373,988,2751,2,4108,17986,2083,6.6
"92",5512,"5512y2013",NA,471,190,273,4,71,520,1399,63,180,486,0,670,5277,646,9.9
"93",5513,"5513y2013",NA,1737,613,1025,8,376,1180,3733,316,732,1309,0,1376,17946,1810,16
"94",5515,"5515y2013",NA,1587,559,833,1,243,1495,4446,165,417,1211,25,2628,9257,850,6.5
"95",5554,"5554y2013",NA,1453,395,563,3,142,1975,6273,252,838,2755,0,2428,8725,990,4.8
"96",5558,"5558y2013",NA,786,204,295,1,74,1466,3477,93,414,1428,0,1542,3945,493,3.7
"97",5562,"5562y2013",NA,2858,966,1505,11,452,2498,8622,440,1229,3280,0,3673,35158,3430,12.2
"98",5566,"5566y2013",NA,1572,429,598,1,141,1928,7323,257,1119,2894,0,3053,11609,1512,5.4
"99",5570,"5570y2013",NA,939,229,335,2,78,1124,4429,130,596,1784,0,1919,8821,960,6.6
"100",5711,"5711y2013",NA,1648,474,724,3,200,1305,5124,219,618,1844,7,2436,15533,1704,10.4
"101",5754,"5754y2013",NA,1068,364,533,8,139,1590,5683,193,763,2228,0,2499,10273,1162,5.9
"102",5758,"5758y2013",NA,823,241,382,5,115,1104,4044,159,394,1526,0,1965,8315,935,7
"103",5762,"5762y2013",NA,561,185,218,2,24,616,2856,112,307,1060,0,1377,3944,470,5.9
"104",5766,"5766y2013",NA,828,408,574,10,124,1585,5241,202,746,2126,0,2167,13725,1555,8.5
"105",5770,"5770y2013",NA,810,302,470,7,138,1266,5282,202,646,1981,1,2452,9385,1079,6.4
"106",5774,"5774y2013",NA,1086,412,566,3,120,1459,4770,139,772,1930,5,1924,10087,1125,6.9
"107",5911,"5911y2013",NA,2466,872,1337,9,417,1387,4819,191,656,1741,4,2227,19112,1696,11.4
"108",5913,"5913y2013",NA,3975,1935,3257,19,1221,2183,7321,460,1044,2605,8,3204,38511,3659,14.6
"109",5914,"5914y2013",NA,1010,320,553,2,212,743,2871,106,398,1066,1,1300,10154,1104,11.8
"110",5915,"5915y2013",NA,793,297,455,4,120,786,2741,152,472,1137,0,980,9416,891,11.5
"111",5916,"5916y2013",NA,1015,246,409,3,146,650,2127,125,326,754,0,922,10510,975,15.2
"112",5954,"5954y2013",NA,1328,395,589,4,173,1816,4269,184,481,1564,0,2040,12779,976,8.3
"113",5958,"5958y2013",NA,949,232,358,9,89,1159,4254,162,603,1681,0,1808,7497,753,5.8
"114",5962,"5962y2013",NA,2117,583,875,14,234,1901,6072,384,872,2305,0,2511,15864,1604,7.9
"115",5966,"5966y2013",NA,560,170,209,1,33,697,2308,126,347,806,0,1029,3653,405,5.3
"116",5970,"5970y2013",NA,1112,381,483,1,81,1303,4709,153,556,1806,24,2170,8678,1095,6.4
"117",5974,"5974y2013",NA,1245,372,521,4,118,1427,4842,174,584,1783,1,2300,10355,967,7.1
"118",5978,"5978y2013",NA,1676,556,872,5,272,1654,6056,317,831,2030,0,2878,19835,1728,10.7
"119",6411,"6411y2013",NA,574,315,438,1,109,733,2397,56,191,711,57,1382,5072,483,7.4
"120",6412,"6412y2013",NA,3914,2176,3315,34,1016,2807,6153,299,768,2526,64,2496,26233,1950,8.3
"121",6413,"6413y2013",NA,568,314,558,8,210,414,1506,94,309,519,23,561,6899,530,12.5
"122",6414,"6414y2013",NA,1635,792,1062,13,222,1444,3110,180,382,1273,40,1235,10773,1198,8.3
"123",6431,"6431y2013",NA,537,228,324,10,79,1232,3408,87,417,1336,27,1541,6250,364,5.1
"124",6432,"6432y2013",NA,583,236,308,7,56,1343,3063,151,527,1369,0,1016,7652,787,5.6
"125",6433,"6433y2013",NA,454,202,289,5,67,967,2897,134,516,1374,0,873,8311,872,6.8
"126",6434,"6434y2013",NA,600,213,309,9,69,1172,2774,87,375,1024,0,1288,4555,324,4.6
"127",6435,"6435y2013",NA,908,350,582,16,175,2180,5061,206,881,2269,0,1705,10988,1202,5.8
"128",6436,"6436y2013",NA,621,275,356,3,64,766,2611,77,345,1027,0,1162,5400,460,5
"129",6437,"6437y2013",NA,193,76,102,0,22,423,1311,41,209,595,0,466,2990,360,6.6
"130",6438,"6438y2013",NA,831,375,582,6,175,1191,3884,134,567,1478,92,1613,9964,937,6.2
"131",6439,"6439y2013",NA,420,149,203,3,35,1030,2034,99,261,836,0,838,4142,303,4.9
"132",6440,"6440y2013",NA,786,292,408,15,89,1294,4110,178,543,1486,0,1903,8225,865,6
"133",6531,"6531y2013",NA,880,350,512,22,111,1054,3642,133,396,1520,28,1565,9457,971,7.9
"134",6532,"6532y2013",NA,584,216,320,25,62,1116,3040,122,602,1421,38,857,8330,905,6.9
"135",6533,"6533y2013",NA,464,212,280,11,39,764,2608,93,497,999,10,1009,5222,557,6.6
"136",6534,"6534y2013",NA,835,251,371,11,83,1090,2925,120,400,1245,3,1157,5928,655,5.2
"137",6535,"6535y2013",NA,275,91,119,5,15,470,1170,46,209,572,0,343,2661,310,5.2
"138",6611,"6611y2013",NA,936,483,769,16,246,882,2551,168,316,913,30,1124,9947,1153,11.3
"139",6631,"6631y2013",NA,622,249,342,7,74,992,3176,105,590,1434,0,1047,4138,446,4
"140",6632,"6632y2013",NA,391,136,207,7,59,484,1410,50,285,713,33,329,3211,380,5.8
"141",6633,"6633y2013",NA,407,198,256,3,44,1056,2669,89,428,1285,0,867,6415,697,5.9
"142",6634,"6634y2013",NA,413,165,244,8,56,753,2469,129,325,1030,0,985,5042,626,6
"143",6635,"6635y2013",NA,412,135,192,3,44,778,1993,97,328,947,0,621,4373,524,5.8
"144",6636,"6636y2013",NA,328,95,137,6,25,459,1124,54,232,521,0,317,3429,392,7.7
"145",7111,"7111y2013",NA,1077,343,429,2,77,578,1515,87,254,442,53,679,3708,335,7.2
"146",7131,"7131y2013",NA,596,211,258,1,35,611,1413,52,239,535,25,562,2913,317,5
"147",7132,"7132y2013",NA,704,231,270,0,32,569,1677,65,355,752,29,476,3953,469,6.4
"148",7133,"7133y2013",NA,871,270,372,4,79,784,1745,82,363,658,15,627,5829,630,7.9
"149",7134,"7134y2013",NA,393,107,132,2,13,337,792,29,186,351,14,212,2914,331,7.6
"150",7135,"7135y2013",NA,301,72,83,2,7,323,529,43,120,273,2,91,1358,163,4.5
"151",7137,"7137y2013",NA,860,286,350,3,47,1163,2112,127,478,1002,18,487,5596,639,5.5
"152",7138,"7138y2013",NA,811,237,330,4,72,806,2170,188,382,1113,25,462,5540,643,6.6
"153",7140,"7140y2013",NA,276,101,132,0,24,519,1194,53,292,531,11,307,2652,287,5.3
"154",7141,"7141y2013",NA,495,139,177,0,24,636,1357,105,241,568,14,429,2779,192,4.8
"155",7143,"7143y2013",NA,827,202,251,2,29,844,2148,131,497,1050,18,452,4519,479,4.6
"156",7211,"7211y2013",NA,893,305,413,1,101,578,1457,67,277,474,31,608,3146,384,6.2
"157",7231,"7231y2013",NA,508,149,186,3,19,557,1272,72,196,669,14,321,2341,297,4.3
"158",7232,"7232y2013",NA,284,89,117,0,17,432,1217,47,216,511,19,424,1636,240,3.6
"159",7233,"7233y2013",NA,258,68,80,1,7,288,784,39,134,364,3,244,1562,191,5.3
"160",7235,"7235y2013",NA,406,130,157,1,18,635,1251,92,228,598,9,324,2795,348,3.9
"161",7311,"7311y2013",NA,357,110,158,0,42,208,679,60,116,232,16,255,1673,176,7.8
"162",7312,"7312y2013",NA,1150,457,592,3,122,378,1336,67,192,400,62,615,5409,543,11.8
"163",7313,"7313y2013",NA,329,116,154,0,29,239,880,49,118,315,12,386,1164,120,5.5
"164",7314,"7314y2013",NA,1770,560,795,5,202,581,1774,160,418,513,47,636,7591,747,10.2
"165",7315,"7315y2013",NA,1786,597,754,7,131,803,2345,42,334,717,91,1161,6633,571,6.8
"166",7316,"7316y2013",NA,339,172,196,1,18,312,500,35,77,117,6,265,1627,168,6.6
"167",7317,"7317y2013",NA,309,122,167,3,38,149,492,33,105,148,7,199,2711,313,14.7
"168",7318,"7318y2013",NA,412,112,149,0,31,434,878,22,109,278,19,450,1688,187,7.1
"169",7319,"7319y2013",NA,573,239,371,0,114,291,878,36,163,348,13,318,3655,474,9.4
"170",7320,"7320y2013",NA,185,53,71,0,17,193,508,26,73,176,14,219,1408,128,8.8
"171",7331,"7331y2013",NA,404,131,164,2,24,660,1554,68,279,671,55,481,3167,397,5.2
"172",7332,"7332y2013",NA,703,226,283,0,50,771,1049,78,183,459,8,321,2910,300,4.8
"173",7333,"7333y2013",NA,303,117,147,0,28,351,1035,61,188,493,20,273,2364,291,6.5
"174",7334,"7334y2013",NA,636,177,208,1,22,523,1132,45,200,574,4,309,3263,367,5.2
"175",7335,"7335y2013",NA,423,122,143,0,16,517,1052,66,237,448,20,281,3155,363,6.4
"176",7336,"7336y2013",NA,277,86,100,1,11,353,737,27,161,397,9,143,1927,230,5.6
"177",7337,"7337y2013",NA,431,135,154,0,11,637,1069,52,102,538,13,364,2386,258,4.6
"178",7338,"7338y2013",NA,652,156,215,1,39,638,1068,42,245,626,7,148,3036,315,4.1
"179",7339,"7339y2013",NA,883,211,266,4,37,1047,1921,81,313,741,43,743,4786,553,4.8
"180",7340,"7340y2013",NA,190,66,83,1,6,478,752,17,213,399,9,114,2560,306,5.4
"181",8111,"8111y2013",NA,4758,1567,2272,19,576,2501,5467,244,855,2127,45,2196,18006,1274,6.5
"182",8115,"8115y2013",NA,1319,319,423,10,65,1513,4244,167,819,1995,0,1263,7522,587,4.2
"183",8116,"8116y2013",NA,1521,499,644,16,103,2120,5578,218,1140,2471,36,1713,9970,857,4
"184",8117,"8117y2013",NA,780,214,316,6,75,1197,2888,134,552,1471,11,720,5667,597,4.8
"185",8118,"8118y2013",NA,1709,412,577,10,123,2226,5555,263,881,2784,7,1620,10991,1058,4.3
"186",8119,"8119y2013",NA,1577,420,541,12,94,1718,4599,238,793,2359,27,1182,8779,666,4.4
"187",8121,"8121y2013",NA,619,221,297,4,63,536,1728,63,403,782,0,480,4248,383,7.4
"188",8125,"8125y2013",NA,674,206,273,4,39,1533,3603,146,822,1838,0,797,7005,686,4.3
"189",8126,"8126y2013",NA,271,100,121,1,11,517,1333,57,344,648,0,284,1894,181,3.4
"190",8127,"8127y2013",NA,522,152,211,3,43,961,2390,107,554,1175,7,547,3567,398,3.8
"191",8128,"8128y2013",NA,278,56,87,2,18,544,1710,69,407,859,0,375,2661,275,4.1
"192",8135,"8135y2013",NA,352,150,191,1,28,527,1583,67,386,728,0,402,3565,313,5.8
"193",8136,"8136y2013",NA,849,297,395,5,68,1303,4090,160,868,1958,18,1086,6103,569,4.1
"194",8211,"8211y2013",NA,214,86,118,7,22,347,627,31,134,176,0,286,1491,101,6.3
"195",8212,"8212y2013",NA,1413,685,940,9,226,1441,2595,154,293,1057,17,1074,8556,661,6.2
"196",8215,"8215y2013",NA,921,310,440,8,91,1860,4749,176,803,2488,0,1282,7555,834,3.6
"197",8216,"8216y2013",NA,669,243,324,6,60,954,2314,134,528,1117,1,534,4559,431,4
"198",8221,"8221y2013",NA,711,276,366,3,78,898,1526,24,178,478,3,843,3481,262,5.8
"199",8222,"8222y2013",NA,1474,809,1159,20,279,1221,2918,168,381,1370,26,973,9260,437,6.7
"200",8225,"8225y2013",NA,356,103,157,2,41,643,1758,85,501,725,0,447,3120,335,4.5
"201",8226,"8226y2013",NA,1405,453,584,11,95,2513,4990,229,861,2420,0,1480,12535,1183,5
"202",8231,"8231y2013",NA,775,205,298,3,74,485,1594,79,357,654,9,495,4864,457,8.9
"203",8235,"8235y2013",NA,397,76,115,11,15,728,1873,77,398,961,0,437,3489,365,4.7
"204",8236,"8236y2013",NA,366,86,124,2,32,862,1968,85,375,1109,0,399,2876,320,3.1
"205",8237,"8237y2013",NA,329,136,161,4,14,529,1333,78,317,680,0,258,2664,280,4.5
"206",8311,"8311y2013",NA,2106,671,870,6,161,1237,2432,127,355,858,15,1077,6659,300,6.7
"207",8315,"8315y2013",NA,987,245,311,5,48,1151,2667,100,489,1301,0,777,4548,356,3.8
"208",8316,"8316y2013",NA,566,171,230,1,38,701,1806,105,441,937,0,323,2854,257,3.6
"209",8317,"8317y2013",NA,1400,369,575,14,151,1937,5271,216,1161,2470,8,1416,8756,747,4.2
"210",8325,"8325y2013",NA,298,106,130,3,21,551,1621,63,388,756,0,414,2498,259,3.7
"211",8326,"8326y2013",NA,456,198,269,2,53,863,2589,160,525,1324,8,572,4380,467,4.4
"212",8327,"8327y2013",NA,454,135,176,3,31,615,1672,77,363,890,0,342,2344,205,3.5
"213",8335,"8335y2013",NA,1111,359,489,13,83,1450,2917,108,719,1308,0,782,6253,559,4.8
"214",8336,"8336y2013",NA,1069,275,378,3,76,1000,2624,82,633,1228,23,658,4596,430,4
"215",8337,"8337y2013",NA,525,136,191,3,37,736,1942,90,475,946,0,431,2825,288,3.4
"216",8415,"8415y2013",NA,1009,360,447,13,52,1294,3253,160,706,1471,34,882,6009,561,4.5
"217",8416,"8416y2013",NA,721,198,249,5,33,1000,2516,137,455,967,2,955,3874,282,3.8
"218",8417,"8417y2013",NA,527,213,253,2,26,770,2248,102,496,1214,0,436,4341,450,4.8
"219",8421,"8421y2013",NA,663,256,368,8,88,660,1634,77,255,619,0,683,3214,276,5.6
"220",8425,"8425y2013",NA,337,110,154,4,25,786,2065,95,498,1093,0,379,3322,376,3.5
"221",8426,"8426y2013",NA,679,136,175,3,26,915,2461,108,555,1279,0,519,2993,349,3.1
"222",8435,"8435y2013",NA,646,204,251,2,30,1148,2492,150,483,1210,8,641,3193,256,3.2
"223",8436,"8436y2013",NA,1201,385,477,7,68,1371,3879,207,731,2078,1,862,4171,402,3.2
"224",8437,"8437y2013",NA,408,144,176,4,16,564,1743,100,274,883,0,486,2692,298,4.3
"225",9161,"9161y2013",NA,1071,315,378,9,44,617,1708,75,323,749,0,561,2539,259,4
"226",9162,"9162y2013",NA,8816,3339,4070,37,541,4688,11473,684,2489,4541,0,3759,39775,2795,5.9
"227",9163,"9163y2013",NA,721,208,252,6,24,225,1027,64,180,447,0,336,1632,143,5.7
"228",9171,"9171y2013",NA,404,107,133,4,20,557,1243,40,291,624,0,288,2138,231,4.1
"229",9172,"9172y2013",NA,339,66,101,5,20,516,1073,49,264,523,0,237,1999,187,4.7
"230",9173,"9173y2013",NA,390,90,113,3,18,699,1508,33,297,725,0,453,1942,169,3.4
"231",9174,"9174y2013",NA,435,104,140,1,21,591,1523,76,423,637,0,387,1983,220,2.8
"232",9175,"9175y2013",NA,321,109,138,2,18,533,1418,81,209,623,0,505,1734,149,2.8
"233",9176,"9176y2013",NA,265,93,110,0,7,594,1321,23,266,746,0,286,945,119,1.5
"234",9177,"9177y2013",NA,409,115,142,1,15,580,1440,40,402,658,0,340,1584,158,2.4
"235",9178,"9178y2013",NA,459,142,175,0,18,692,1844,68,356,971,0,449,2460,220,2.9
"236",9179,"9179y2013",NA,608,136,176,3,29,862,2139,58,362,879,0,840,3456,297,3.5
"237",9180,"9180y2013",NA,250,64,76,4,5,728,1006,22,195,419,0,370,1728,153,4.5
"238",9181,"9181y2013",NA,335,78,103,3,11,664,1457,78,303,691,0,385,1751,170,3.3
"239",9182,"9182y2013",NA,256,86,105,4,6,1010,1005,30,221,554,0,200,1466,113,3.4
"240",9183,"9183y2013",NA,384,86,121,4,17,487,1429,72,345,716,0,296,2301,247,4.4
"241",9184,"9184y2013",NA,740,283,348,2,46,1649,2916,98,393,1016,0,1409,5188,346,3.5
"242",9185,"9185y2013",NA,402,115,140,0,12,497,1194,43,255,656,0,240,1173,135,2.6
"243",9186,"9186y2013",NA,526,144,167,6,13,567,1197,75,309,531,0,282,1402,161,2.4
"244",9187,"9187y2013",NA,830,191,224,9,17,1408,2478,107,527,1318,0,526,3653,403,3.2
"245",9188,"9188y2013",NA,285,91,124,3,19,846,1185,42,154,452,0,537,1809,118,3.3
"246",9189,"9189y2013",NA,593,163,195,6,19,982,2064,80,445,1046,0,493,2829,291,3.6
"247",9190,"9190y2013",NA,424,87,104,1,14,615,1657,59,350,838,0,410,1952,225,3.2
"248",9261,"9261y2013",NA,774,192,236,1,38,300,1114,36,162,565,0,351,1693,157,5.5
"249",9262,"9262y2013",NA,421,113,148,6,27,340,898,33,143,445,0,277,1395,131,6.3
"250",9263,"9263y2013",NA,423,113,154,1,23,247,981,49,176,399,0,357,1369,165,6.4
"251",9271,"9271y2013",NA,575,154,185,4,17,568,1407,51,324,708,1,323,2151,234,3.8
"252",9272,"9272y2013",NA,234,52,63,0,4,369,846,25,220,402,0,199,1637,162,4.5
"253",9273,"9273y2013",NA,403,128,144,0,10,551,1229,47,345,530,0,307,1870,213,3.3
"254",9274,"9274y2013",NA,495,115,140,2,18,666,1362,43,451,701,0,167,2234,254,3
"255",9275,"9275y2013",NA,555,124,150,4,17,820,1798,61,479,892,0,366,3793,430,4.3
"256",9276,"9276y2013",NA,252,58,71,3,3,436,819,27,244,413,0,135,1569,139,4.3
"257",9277,"9277y2013",NA,443,137,161,10,8,527,1400,55,384,681,0,280,2217,284,4
"258",9278,"9278y2013",NA,265,53,65,1,4,425,783,16,261,360,0,146,1560,180,3.3
"259",9279,"9279y2013",NA,364,91,104,1,8,404,1012,27,326,412,0,247,1410,179,2.9
"260",9361,"9361y2013",NA,279,58,78,0,17,210,886,60,129,400,0,297,1398,148,6.9
"261",9362,"9362y2013",NA,1178,323,441,5,94,1014,1937,92,329,790,0,726,3629,323,5.3
"262",9363,"9363y2013",NA,406,106,134,6,20,225,872,28,127,441,0,276,1611,170,8
"263",9371,"9371y2013",NA,238,77,95,0,12,429,712,18,270,347,0,77,1885,221,3.7
"264",9372,"9372y2013",NA,404,96,108,0,6,613,1469,29,397,761,0,282,2453,291,4
"265",9373,"9373y2013",NA,391,98,110,2,4,562,1609,40,447,759,0,363,1739,181,2.8
"266",9374,"9374y2013",NA,329,96,114,2,7,404,853,32,293,381,0,147,2198,255,4.7
"267",9375,"9375y2013",NA,438,92,118,4,13,759,1097,31,389,527,0,150,2709,294,2.9
"268",9376,"9376y2013",NA,510,145,172,1,18,703,1543,39,368,754,0,382,2783,342,4
"269",9377,"9377y2013",NA,182,37,54,2,9,329,715,27,184,400,0,104,1892,195,5.4
"270",9461,"9461y2013",NA,536,146,182,5,24,449,1399,43,150,431,0,775,1937,173,5.8
"271",9462,"9462y2013",NA,459,168,216,9,25,218,1274,50,168,511,0,545,2332,182,7.1
"272",9463,"9463y2013",NA,387,94,132,12,21,278,862,46,77,427,0,312,1322,140,6.9
"273",9464,"9464y2013",NA,491,125,173,2,38,188,801,48,154,327,0,272,1572,125,7.9
"274",9471,"9471y2013",NA,449,154,173,3,8,670,911,28,344,539,0,0,2491,286,3.4
"275",9472,"9472y2013",NA,287,68,84,1,8,548,740,26,199,429,0,86,2178,218,4.2
"276",9473,"9473y2013",NA,294,82,108,8,11,343,509,29,233,147,0,100,2002,222,4.7
"277",9474,"9474y2013",NA,326,79,99,9,8,584,1213,38,231,596,0,348,2070,237,3.7
"278",9475,"9475y2013",NA,394,83,103,4,14,395,727,31,203,328,0,165,2268,236,5.1
"279",9476,"9476y2013",NA,260,81,108,8,12,284,688,29,130,341,0,188,1697,166,5
"280",9477,"9477y2013",NA,360,84,109,7,9,371,689,59,196,240,0,194,2010,186,5.6
"281",9478,"9478y2013",NA,355,93,130,12,22,304,765,43,135,424,0,163,1701,180,5.1
"282",9479,"9479y2013",NA,372,77,93,1,11,326,921,51,181,445,0,244,2009,166,6
"283",9561,"9561y2013",NA,266,72,97,4,17,203,803,23,109,353,0,318,1075,138,5.5
"284",9562,"9562y2013",NA,626,186,228,5,30,436,1345,51,144,479,0,671,2487,209,4.7
"285",9563,"9563y2013",NA,527,177,251,8,45,579,1260,99,264,533,0,364,4633,452,7.9
"286",9564,"9564y2013",NA,4218,1454,1914,25,359,2396,4792,360,1213,1791,0,1428,21302,2101,8.8
"287",9565,"9565y2013",NA,140,33,40,2,3,171,664,31,96,290,0,247,969,108,5.2
"288",9571,"9571y2013",NA,537,146,186,8,21,879,1993,130,451,1041,0,371,3090,351,3.5
"289",9572,"9572y2013",NA,290,82,104,5,10,586,1367,33,311,509,0,514,1780,190,2.8
"290",9573,"9573y2013",NA,215,71,87,0,13,497,894,19,182,340,0,353,2140,198,3.9
"291",9574,"9574y2013",NA,534,160,197,2,26,843,1800,115,428,730,0,527,2771,315,3.5
"292",9575,"9575y2013",NA,268,99,118,3,10,456,1208,61,196,664,0,287,1399,194,2.9
"293",9576,"9576y2013",NA,304,91,116,1,17,629,1216,77,293,532,0,314,2115,233,3.5
"294",9577,"9577y2013",NA,351,84,106,1,12,470,1028,27,219,506,0,276,1692,191,3.8
"295",9661,"9661y2013",NA,592,153,199,2,36,345,1253,47,179,543,0,484,2410,235,7.3
"296",9662,"9662y2013",NA,457,135,160,4,12,353,1322,66,199,560,5,492,1692,155,7.1
"297",9663,"9663y2013",NA,931,293,354,2,47,516,2098,115,250,905,0,828,3274,238,5.4
"298",9671,"9671y2013",NA,408,84,111,6,15,678,1511,73,413,704,0,321,3183,375,3.8
"299",9672,"9672y2013",NA,377,76,98,0,12,529,1105,19,297,489,0,300,2259,247,4.6
"300",9673,"9673y2013",NA,297,78,85,1,5,334,1122,46,266,524,0,286,1414,179,3.7
"301",9674,"9674y2013",NA,395,88,102,1,7,417,1071,34,254,542,0,241,1706,232,4
"302",9675,"9675y2013",NA,270,74,93,3,15,456,1427,56,237,638,0,496,1579,181,3.7
"303",9676,"9676y2013",NA,454,117,136,6,7,620,1393,46,410,637,0,300,2552,287,4.1
"304",9677,"9677y2013",NA,303,90,106,1,6,562,1471,36,287,769,0,379,2014,285,3.2
"305",9678,"9678y2013",NA,324,60,75,1,7,410,553,32,276,245,0,0,1792,215,3.2
"306",9679,"9679y2013",NA,287,66,77,0,7,728,744,29,233,368,0,114,2520,264,3.2
"307",9761,"9761y2013",NA,2500,560,719,7,125,1201,3192,147,753,1248,0,1044,9429,868,7.3
"308",9762,"9762y2013",NA,319,81,101,3,8,268,764,39,151,351,0,223,1394,160,7
"309",9763,"9763y2013",NA,592,149,181,7,19,311,1170,78,220,601,0,271,1668,161,5.5
"310",9764,"9764y2013",NA,308,97,127,3,22,229,807,53,151,423,0,180,882,93,4.4
"311",9771,"9771y2013",NA,292,93,112,3,10,648,1175,43,336,595,0,201,1840,208,2.9
"312",9772,"9772y2013",NA,824,185,218,2,19,1123,2344,134,679,1081,0,450,3732,429,3.2
"313",9773,"9773y2013",NA,332,75,90,1,8,430,1126,47,277,514,0,288,1368,145,2.9
"314",9774,"9774y2013",NA,422,129,153,0,17,556,1747,125,337,808,0,477,2075,241,3.5
"315",9775,"9775y2013",NA,807,217,273,3,44,733,1647,106,423,766,0,352,3207,328,3.9
"316",9776,"9776y2013",NA,209,70,99,3,20,510,732,31,153,336,0,212,1233,144,3.4
"317",9777,"9777y2013",NA,435,109,128,1,9,766,1430,52,385,742,0,251,1970,246,3.1
"318",9778,"9778y2013",NA,412,123,140,4,9,616,1420,39,328,717,0,336,1591,216,2.5
"319",9779,"9779y2013",NA,465,96,114,2,11,637,1640,56,337,931,0,316,1543,160,2.4
"320",9780,"9780y2013",NA,478,99,119,4,8,1036,1214,33,414,566,0,201,2525,285,3.6
"321",10041,"10041y2013",NA,2274,879,1286,8,366,1412,3123,195,793,1031,55,1049,15895,1600,10.6
"322",10042,"10042y2013",NA,364,114,163,3,33,483,927,50,286,341,15,235,2748,317,5.5
"323",10043,"10043y2013",NA,644,192,278,2,62,599,1350,73,415,504,25,333,5531,659,8.7
"324",10044,"10044y2013",NA,939,301,399,1,80,954,2191,77,549,816,35,714,6773,800,7.2
"325",10045,"10045y2013",NA,497,217,272,4,42,621,1410,63,324,549,10,464,4471,447,6.5
"326",10046,"10046y2013",NA,272,82,100,1,12,433,1053,52,207,422,17,355,1964,161,4.5
"327",12051,"12051y2013",NA,415,94,147,1,42,277,529,39,92,199,0,199,4973,485,14.5
"328",12052,"12052y2013",NA,456,186,270,1,64,316,860,74,99,298,0,389,6330,581,13.2
"329",12053,"12053y2013",NA,286,108,169,2,54,200,487,33,49,203,0,202,4566,315,16
"330",12054,"12054y2013",NA,704,220,339,5,99,838,1558,65,190,446,0,857,6461,565,8.4
"331",12060,"12060y2013",NA,659,225,299,6,60,879,1229,87,148,536,0,458,8957,849,10.6
"332",12061,"12061y2013",NA,540,171,254,4,68,741,1249,89,157,535,0,468,6235,450,8.1
"333",12062,"12062y2013",NA,370,127,170,4,29,342,741,64,114,325,0,238,7252,541,14
"334",12063,"12063y2013",NA,559,207,283,2,64,726,1260,92,199,440,0,529,7815,687,10.4
"335",12064,"12064y2013",NA,603,202,288,5,68,1045,1207,105,173,560,0,369,9910,797,10.9
"336",12065,"12065y2013",NA,943,262,359,1,69,1079,1454,101,248,590,0,515,9925,732,9.9
"337",12066,"12066y2013",NA,407,125,161,2,26,549,727,65,142,308,0,212,8623,656,15.5
"338",12067,"12067y2013",NA,463,168,287,3,95,1235,1379,139,205,571,0,464,8689,732,10
"339",12068,"12068y2013",NA,472,153,201,3,36,559,746,65,175,269,0,237,5629,456,11.5
"340",12069,"12069y2013",NA,608,176,243,3,49,1088,1122,62,156,431,0,473,7592,611,7.6
"341",12070,"12070y2013",NA,445,84,121,2,27,332,518,63,62,221,0,172,5341,400,14.3
"342",12071,"12071y2013",NA,400,129,187,3,43,479,677,57,119,284,0,217,6901,415,11.6
"343",12072,"12072y2013",NA,564,159,247,9,68,880,1185,112,158,493,0,422,6850,674,8.6
"344",12073,"12073y2013",NA,403,168,227,6,49,680,1016,120,159,443,0,294,10280,812,16.8
"345",13003,"13003y2013",NA,937,459,659,9,184,987,1241,162,104,437,0,538,12019,1200,12.6
"346",13004,"13004y2013",NA,669,220,295,5,65,481,619,88,44,218,0,269,5665,535,12.8
"347",13071,"13071y2013",NA,1005,316,403,3,79,1408,1811,196,173,835,0,607,19564,1695,15.2
"348",13072,"13072y2013",NA,698,248,313,5,52,1396,1363,131,165,671,0,396,10358,969,10.3
"349",13073,"13073y2013",NA,1155,328,421,4,66,2623,1414,138,227,699,0,350,15431,1378,14.5
"350",13074,"13074y2013",NA,694,204,256,5,46,847,976,106,132,436,0,302,8332,773,10.9
"351",13075,"13075y2013",NA,973,396,527,6,118,1441,1473,180,186,684,0,423,17492,1490,15.7
"352",13076,"13076y2013",NA,737,299,390,3,77,1086,1469,154,148,724,0,443,10090,950,9.5
"353",14511,"14511y2013",NA,900,350,480,5,122,817,1301,169,159,551,0,422,12612,1057,11.5
"354",14521,"14521y2013",NA,727,228,302,3,63,1356,2420,200,211,1453,0,556,16600,1165,9.8
"355",14522,"14522y2013",NA,792,248,332,4,75,1476,2159,218,234,1114,0,593,14482,1153,9.5
"356",14523,"14523y2013",NA,696,168,238,6,54,974,1454,129,178,746,0,401,10161,772,9.4
"357",14524,"14524y2013",NA,1069,361,504,5,129,1406,2326,221,156,1223,0,726,14206,1110,9.3
"358",14612,"14612y2013",NA,2014,709,1065,11,321,1998,2843,244,246,1301,0,1052,24239,2217,9.9
"359",14625,"14625y2013",NA,1017,236,346,3,98,1283,2198,197,248,1119,0,634,15575,1048,10.4
"360",14626,"14626y2013",NA,1195,312,479,7,153,1123,1914,223,235,1012,0,444,16004,990,13.2
"361",14627,"14627y2013",NA,636,172,243,4,60,1394,1721,145,179,961,0,436,12063,898,10.3
"362",14628,"14628y2013",NA,636,157,234,3,68,1455,1603,164,136,910,0,393,11034,875,9.6
"363",14713,"14713y2013",NA,2616,1053,1615,16,523,1547,2865,412,328,1135,0,990,29716,2871,12.3
"364",14729,"14729y2013",NA,875,210,291,7,64,1638,1541,134,168,837,0,402,12188,1015,9.7
"365",14730,"14730y2013",NA,710,186,266,2,74,856,1308,143,152,715,0,298,11749,948,12
"366",15001,"15001y2013",NA,453,190,281,5,78,316,492,58,34,243,0,157,5044,423,12.9
"367",15002,"15002y2013",NA,1807,620,909,12,249,754,1506,159,172,633,0,542,13682,1162,13.2
"368",15003,"15003y2013",NA,1336,485,800,11,274,881,1354,131,108,625,0,490,13769,1334,12.5
"369",15081,"15081y2013",NA,339,138,175,0,29,448,611,68,65,327,0,151,4385,435,9.9
"370",15082,"15082y2013",NA,695,237,323,9,62,711,963,118,110,498,0,237,10394,899,12.3
"371",15083,"15083y2013",NA,665,209,272,8,41,786,1091,82,91,649,0,269,8385,738,9.3
"372",15084,"15084y2013",NA,842,236,342,8,87,793,1155,119,84,547,0,405,11831,990,13.2
"373",15085,"15085y2013",NA,814,312,431,5,91,1311,1497,123,123,830,0,421,10495,754,9.6
"374",15086,"15086y2013",NA,374,125,161,1,29,529,589,73,47,336,0,133,4961,348,11
"375",15087,"15087y2013",NA,871,185,237,1,40,593,817,130,80,427,0,180,10193,807,15.3
"376",15088,"15088y2013",NA,952,219,322,4,87,961,1065,107,81,661,0,216,10208,963,10.6
"377",15089,"15089y2013",NA,929,275,380,13,78,844,1320,139,149,728,0,304,12795,727,13.2
"378",15090,"15090y2013",NA,558,177,236,2,44,564,871,101,88,476,0,206,8445,698,14.9
"379",15091,"15091y2013",NA,539,181,249,0,54,592,791,71,72,469,0,179,7546,611,12
"380",16051,"16051y2013",NA,1732,548,716,6,142,851,1274,119,164,485,0,506,9136,620,9.5
"381",16052,"16052y2013",NA,778,229,282,1,49,341,532,48,104,200,0,180,5861,427,13.2
"382",16053,"16053y2013",NA,484,167,210,3,29,397,665,35,58,202,0,370,3771,269,7.7
"383",16054,"16054y2013",NA,218,89,108,0,13,146,191,17,49,85,0,40,1430,124,8.3
"384",16055,"16055y2013",NA,411,129,174,1,35,356,497,39,59,178,0,221,2644,210,9.5
"385",16056,"16056y2013",NA,281,93,124,3,25,240,314,36,36,121,0,121,2049,169,10.5
"386",16061,"16061y2013",NA,261,73,90,4,9,471,835,52,93,399,0,291,3469,280,6.8
"387",16062,"16062y2013",NA,323,111,144,3,23,373,643,75,130,287,0,151,4638,362,11.6
"388",16063,"16063y2013",NA,335,104,123,0,11,600,836,38,115,454,0,229,4418,361,6.9
"389",16064,"16064y2013",NA,427,142,207,2,51,468,821,83,105,362,0,271,6288,503,12.3
"390",16065,"16065y2013",NA,324,97,127,4,17,359,540,64,95,241,0,140,4686,306,12.8
"391",16066,"16066y2013",NA,509,117,162,1,34,587,856,87,130,446,0,193,4434,316,7.1
"392",16067,"16067y2013",NA,558,160,213,2,43,621,949,60,149,393,0,347,5761,447,8.7
"393",16068,"16068y2013",NA,301,83,103,0,13,276,492,45,93,251,0,103,3820,285,10.7
"394",16069,"16069y2013",NA,249,44,61,2,11,256,531,29,106,302,0,94,2085,157,6.2
"395",16070,"16070y2013",NA,539,186,249,0,56,468,722,61,88,376,0,197,4737,363,9
"396",16071,"16071y2013",NA,345,103,140,1,31,424,536,39,67,315,0,115,3174,243,7.7
"397",16072,"16072y2013",NA,267,86,106,0,17,214,360,34,44,177,0,105,1428,143,5
"398",16073,"16073y2013",NA,725,184,213,2,18,539,729,72,125,336,0,196,4892,393,9.1
"399",16074,"16074y2013",NA,351,78,98,2,13,368,528,32,69,306,0,121,3390,249,8.1
"400",16075,"16075y2013",NA,507,96,114,0,13,369,601,39,96,304,0,162,3421,278,8.2
"401",16076,"16076y2013",NA,377,104,128,2,17,431,762,41,124,404,0,193,4740,280,9.7
