"","district","district_year","districtName","bodily.harm","dangerous.bodily.harm","violent.crime","murder.and.manslaughter","robbery","HusbandAndWifeTotal","GraduatesTotal","GraduatesWithHouthDegreeTotal","GraduatesWithHauptschulDegreeTotal","GraduatesWithRealschulDegreeTotal","GraduatesWithFachhochschulDegreeTotal","GraduatesWithHochschulreifeDegreeTotal","UnemployedTotal","UnemployedTotal15to25","UnemployedPercentage","TotalArea","TotalPopulation","MalePopulation","FemalePopulation","DensityPerSQRTkm","CrimeRate","Pop_0_17","Pop_18_24","Pop_25_44","Pop_45_64","Pop_over_65"
"1",2,"2y2013","Hamburg",14703,5406,8665,56,3046,6746,13874,697,1425,3625,61,8066,71557,5468,8.6,755.3,1746342,847783,898559,2312,174.421734116227,15.9,7.9,30.8,26.6,18.8
"2",11,"11y2013","Berlin",28924,10340,17275,106,6222,12963,29211,2115,5100,9825,0,12171,210083,19108,13.9,891.68,3421829,1669853,1751976,3838,181.832581347578,15.3,7.7,30.2,27.8,19.1
"3",1001,"1001y2013","Flensburg",651,223,329,0,97,493,1282,97,226,373,41,545,5205,642,12.3,56.74,83971,41322,42649,1480,115.51607102452,14.8,11.3,26.1,27.1,20.6
"4",1002,"1002y2013","Kiel",1948,640,937,5,258,995,2186,168,399,645,68,906,13070,1251,11.4,118.65,241533,116951,124582,2036,106.817701928929,14.1,11.5,30.4,25.7,18.3
"5",1003,"1003y2013","Lübeck",1926,658,948,3,255,1002,2100,180,549,667,60,644,11109,1212,11.6,214.21,212958,101734,111224,994,119.741920942158,14.8,8.3,25.6,28.2,23.1
"6",1004,"1004y2013","Neumünster",860,226,318,1,75,339,1087,96,173,386,33,399,4458,557,12.5,71.63,77058,37606,39452,1076,97.3292844351008,16.5,8.4,23.3,29.3,22.5
"7",1051,"1051y2013","Dithmarschen",596,126,194,0,58,724,1553,133,357,687,21,355,5003,645,8.6,1428.11,132665,65124,67541,93,43.7191422002789,16.9,7.6,21.2,30.8,23.5
"8",1053,"1053y2013","Herzogtum Lauenburg",813,222,307,3,66,837,1809,155,393,702,52,507,6191,747,7,1263.01,189043,92291,96752,150,34.9126918214374,17.4,6.9,22.6,31.1,22
"9",1054,"1054y2013","Nordfriesland",874,215,288,3,54,2076,1979,142,461,907,27,442,5868,577,7.3,2082.76,161923,78853,83070,78,33.3491844889237,16.7,7.7,21.6,30.8,23.1
"10",1055,"1055y2013","Ostholstein",904,245,324,6,52,1428,2148,186,488,848,51,575,6489,697,7.3,1392.65,197835,95235,102600,142,26.2845300376576,15.1,6.5,20.4,31.8,26.2
"11",1056,"1056y2013","Pinneberg",1551,433,592,6,127,1855,3316,215,598,1243,100,1160,8815,878,6.1,664.28,301223,146892,154331,453,42.1614551345681,17.1,7,23.4,30.7,21.9
"12",1057,"1057y2013","Plön",514,123,152,0,20,743,1151,93,247,525,20,266,3582,372,6.4,1083.18,126643,61181,65462,117,15.7924243740278,16.4,6.6,20.1,32,24.9
"13",1058,"1058y2013","Rendsburg-Eckernförde",1100,338,459,4,78,1292,2717,220,660,1052,64,721,7687,926,6.4,2186.26,268075,131328,136747,123,29.0963349808822,17.6,7,21.5,31.6,22.3
"14",1059,"1059y2013","Schleswig-Flensburg",704,167,228,6,36,1128,1935,165,473,821,14,462,7878,948,8.6,2071.35,195135,96268,98867,94,18.4487662387578,17.6,7.3,21.3,31.2,22.6
"15",1060,"1060y2013","Segeberg",1026,249,388,4,105,1098,2729,196,589,1102,59,783,7171,695,5.7,1344.38,263202,129249,133953,196,39.8933138805936,17.2,6.9,23.7,31,21.1
"16",1061,"1061y2013","Steinburg",550,139,227,1,69,566,1348,95,345,526,19,363,4156,527,6.9,1056.12,130017,63915,66102,123,53.0699831560488,16.9,7.5,21.6,32.1,21.9
"17",1062,"1062y2013","Stormarn",831,204,297,5,70,1285,2204,96,287,758,65,998,5067,493,4.7,766.33,234674,114044,120630,306,29.8286133103795,17.4,6.4,22.7,31,22.5
"18",3101,"3101y2013","Braunschweig",1772,750,997,10,202,1147,2578,151,274,875,85,1193,9301,632,7.8,192.17,247227,121376,125851,1287,81.7062861257063,14.5,9.1,28.9,26.8,20.7
"19",3102,"3102y2013","Salzgitter",466,171,227,3,41,334,1114,37,185,649,15,228,4680,451,10.4,223.92,98197,47873,50324,439,41.7528030387894,16.3,7.8,22.1,29.9,23.9
"20",3103,"3103y2013","Wolfsburg",577,162,255,7,73,663,1519,61,169,649,61,579,3153,306,5.4,204.06,122457,60349,62108,600,59.6127620307537,15.2,7.8,26.5,28,22.5
"21",3151,"3151y2013","Gifhorn",686,219,285,4,42,698,1722,81,208,969,20,444,4698,521,5.7,1562.83,171475,85335,86140,110,24.4933663799388,18.3,7.6,23.2,32.3,18.7
"22",3152,"3152y2013","Göttingen",1349,454,592,8,109,1000,2485,106,256,926,163,1034,8725,679,7.5,1117.24,248249,121071,127178,222,43.9075283284122,15.3,9.9,25.7,29,20.1
"23",3153,"3153y2013","Goslar",739,242,340,5,70,731,1376,80,185,716,20,375,5995,495,9.9,965.29,137833,67603,70230,143,50.7860962178869,13.7,7.7,21.2,30.6,26.8
"24",3154,"3154y2013","Helmstedt",385,152,187,2,22,356,901,54,114,429,21,283,3532,344,8.3,674,90423,44586,45837,134,24.3300930073101,15.2,7.2,22,32.5,23.1
"25",3155,"3155y2013","Northeim",540,184,238,3,39,624,1482,64,214,687,21,496,5078,503,8.1,1267.06,134661,65926,68735,106,28.9616147214115,15.5,6.9,20.9,32.4,24.2
"26",3156,"3156y2013","Osterode am Harz",291,84,113,1,19,311,703,27,115,380,10,171,2954,275,8.7,636.02,74367,36275,38092,117,25.5489666115347,14.4,6.3,19.6,32.3,27.4
"27",3157,"3157y2013","Peine",397,152,187,5,18,512,1396,59,167,686,44,440,4153,431,6.7,534.93,130147,64003,66144,243,13.8305147256564,17.7,7.1,22.7,31.4,21
"28",3158,"3158y2013","Wolfenbüttel",366,116,158,6,24,590,1126,45,122,604,11,344,3791,349,6.9,722.55,119900,58993,60907,166,20.0166805671393,16.2,7.3,21.5,32,22.9
"29",3241,"3241y2013","Region Hannover",7429,2719,3701,31,801,4833,11202,544,1396,4613,291,4358,48239,4589,9.1,2290.77,1119526,543339,576187,489,71.5481373366943,16.1,7.8,26.1,29,21
"30",3251,"3251y2013","Diepholz",775,231,354,8,90,924,2361,83,313,1252,51,662,5240,623,5.1,1987.94,209955,104085,105870,106,42.8663284989641,17,7.2,22.2,32,21.5
"31",3252,"3252y2013","Hameln-Pyrmont",714,293,371,8,53,687,1568,112,255,732,19,450,6206,709,9.1,796.14,147755,70939,76816,186,35.8701905180874,15.6,7.2,21,31.3,24.8
"32",3254,"3254y2013","Hildesheim",1393,434,579,7,104,1138,3191,181,415,1440,57,1098,10920,1118,8.5,1205.95,274519,132832,141687,228,37.8844451568015,16,8.2,22.5,30.8,22.5
"33",3255,"3255y2013","Holzminden",291,111,136,3,17,297,692,50,122,381,8,131,2970,307,9.3,692.58,71877,35354,36523,104,23.6515157839086,15.6,7.6,20.6,31.2,25
"34",3256,"3256y2013","Nienburg (Weser)",388,143,230,9,65,540,1570,78,228,733,126,405,3951,447,6.9,1398.97,119848,59209,60639,86,54.2353647954075,17.1,7.7,22.1,31.8,21.3
"35",3257,"3257y2013","Schaumburg",534,189,272,3,65,708,1675,62,186,731,58,638,5509,612,7.7,675.57,155599,75626,79973,230,41.7740473910501,16.1,7.1,21.3,31.8,23.7
"36",3351,"3351y2013","Celle",919,312,423,13,69,898,1984,114,358,1034,21,457,6621,743,8.3,1545.18,175552,85778,89774,114,39.3045935107546,17.3,7.4,22.3,30.6,22.5
"37",3352,"3352y2013","Cuxhaven",744,330,449,5,92,1211,1997,143,305,1104,14,431,6133,662,6.9,2057.77,196607,96090,100517,96,46.7938577975352,16.7,6.8,21.2,31.6,23.8
"38",3353,"3353y2013","Harburg",879,238,355,9,84,1148,2543,73,284,1335,17,834,6233,627,5.4,1244.97,242871,118324,124547,195,34.5862618427066,17.7,6.7,22.3,31.8,21.5
"39",3354,"3354y2013","Lüchow-Dannenberg",170,63,85,3,12,212,528,28,95,264,8,133,2353,229,12,1220.65,48670,23949,24721,40,24.6558454900349,15.4,6.5,19.7,31.9,26.4
"40",3355,"3355y2013","Lüneburg",1018,331,440,3,92,1055,1910,76,229,880,55,670,5990,549,7.2,1323.5,176727,85766,90961,134,52.057693504671,17.8,8.2,25.2,29.9,19
"41",3356,"3356y2013","Osterholz",392,153,218,5,50,533,1253,75,210,577,11,380,2621,319,5,650.79,110882,54355,56527,170,45.0929817283238,16.9,6.8,21.7,32.5,22.1
"42",3357,"3357y2013","Rotenburg (Wümme)",848,347,472,12,82,685,2002,95,279,1080,30,518,3888,438,5,2070.3,161308,80823,80485,78,50.8344285466313,18.1,8,23.2,31,19.7
"43",3358,"3358y2013","Landkreis Heidekreis",828,268,353,8,51,592,1689,128,290,815,30,426,4927,616,7.5,1873.67,136251,67473,68778,73,37.430917938217,17.2,7.8,22.5,30.8,21.8
"44",3359,"3359y2013","Stade",710,231,367,6,112,1082,2206,112,310,1157,40,587,6509,760,6.8,1266.02,196516,97880,98636,155,56.9928148344155,17.8,7.7,23.8,30.5,20.2
"45",3360,"3360y2013","Uelzen",312,96,145,2,35,390,1050,35,141,563,40,271,3197,355,7.8,1454.14,92356,44952,47404,64,37.8968339902118,16,7.2,21.1,31.5,24.3
"46",3361,"3361y2013","Verden",544,171,260,9,53,640,1537,74,183,819,9,452,4006,311,6.2,787.95,132459,64637,67822,168,40.0123811896511,17.8,7.3,22.6,31.4,20.8
"47",3401,"3401y2013","Delmenhorst",428,156,248,0,82,304,868,59,163,398,20,228,4207,425,11.9,62.36,74052,36407,37645,1187,110.732998433533,16.5,8.2,23.4,29.8,22.1
"48",3402,"3402y2013","Emden",380,153,195,0,32,228,567,53,65,278,8,163,2335,276,10,112.35,49790,24477,25313,443,64.2699337216308,16.7,9.8,24.9,28.1,20.5
"49",3403,"3403y2013","Oldenburg (Oldenburg)",807,279,439,5,134,839,1906,114,206,685,76,825,7144,807,9.1,102.99,159610,75754,83856,1550,83.9546394336194,15.4,9.3,28.6,28.1,18.7
"50",3404,"3404y2013","Osnabrück",1032,556,816,5,219,652,2114,98,166,871,86,893,6606,633,8.6,119.8,156315,74822,81493,1305,140.101717685443,14.7,10.3,29,26.5,19.5
"51",3405,"3405y2013","Wilhelmshaven",617,275,369,3,72,366,827,47,138,347,15,280,4633,484,13.7,106.91,75728,36936,38792,708,95.0771181069089,13.8,9.7,21.5,29.2,25.9
"52",3451,"3451y2013","Ammerland",323,100,140,4,25,587,1351,36,229,727,28,331,2813,242,5,728.36,118865,58158,60707,163,21.032263492197,17.8,7.3,22.3,31.1,21.5
"53",3452,"3452y2013","Aurich",979,390,467,3,56,1664,2436,200,396,1240,92,508,7713,832,8.8,1287.31,187058,91632,95426,145,29.9372387174032,17.8,7.7,22.4,30.9,21.2
"54",3453,"3453y2013","Cloppenburg",684,193,249,0,38,717,2185,104,454,1249,16,362,4871,602,6.3,1418.4,160176,80598,79578,113,23.7239037059235,21.3,9.1,25.2,28.6,15.8
"55",3454,"3454y2013","Emsland",1434,509,647,7,100,1410,3981,186,620,2192,29,954,6207,790,4.1,2882.04,313689,158523,155166,109,31.8787078922117,18.8,8.6,25.1,29.6,17.9
"56",3455,"3455y2013","Friesland",523,144,189,5,30,793,1070,38,190,618,10,214,3004,286,6.8,607.9,97093,47212,49881,160,30.8982109935835,16.5,7.2,20.3,31.5,24.4
"57",3456,"3456y2013","Grafschaft Bentheim",469,171,225,2,45,645,1705,117,269,892,70,357,3192,324,5,980.86,133678,66473,67205,136,33.6629811936145,18.9,8.1,23.4,30.2,19.4
"58",3457,"3457y2013","Leer",635,193,263,3,52,946,1870,140,402,959,22,347,5385,658,7.2,1086.02,164792,81696,83096,152,31.5549298509636,18.2,8,23.7,29.9,20.2
"59",3458,"3458y2013","Oldenburg",432,141,177,3,26,582,1199,51,216,772,13,147,3247,329,5.3,1063.12,125778,62342,63436,118,20.6713415700679,17.9,7.2,22.3,32.5,20.1
"60",3459,"3459y2013","Osnabrück",902,291,455,7,118,1622,3466,143,484,2056,63,720,7776,722,4.5,2121.59,350302,172950,177352,165,33.6852201814434,18.6,8.1,23.2,30.7,19.4
"61",3460,"3460y2013","Vechta",494,224,312,5,69,615,1783,81,228,934,34,506,3076,393,4.3,812.59,134188,67362,66826,165,51.4203952663427,20.6,9.6,26,28.6,15.3
"62",3461,"3461y2013","Wesermarsch",342,132,177,3,31,362,1068,44,166,573,11,274,3490,418,8.5,821.9,88831,44181,44650,108,34.8977271448031,17,7.9,21.1,31.7,22.2
"63",3462,"3462y2013","Wittmund",246,79,97,1,8,534,704,33,132,334,14,191,1934,209,7.7,656.66,56400,27490,28910,86,14.1843971631206,17.4,7.5,21.6,31,22.4
"64",4011,"4011y2013","Bremen",3979,1529,2639,14,1018,2148,5770,352,1192,2060,0,2166,28878,2603,11.5,325.42,548547,267621,280926,1686,185.581180828625,14.9,8.8,27.2,28,21.1
"65",4012,"4012y2013","Bremerhaven",981,334,588,7,223,471,1563,97,300,560,0,606,8319,834,16.3,93.82,108844,53611,55233,1160,204.880379258388,16.2,8.3,24.2,29,22.2
"66",5111,"5111y2013","Düsseldorf",3894,1463,2609,12,1023,2864,6837,342,813,2166,0,3516,27715,1596,9.8,217.41,598686,288114,310572,2754,170.87421452982,15.2,7.2,30.3,27.5,19.8
"67",5112,"5112y2013","Duisburg",2835,1160,1879,22,638,1727,6065,343,967,2055,1,2699,31555,2986,14.3,232.8,486855,237743,249112,2091,131.04517772232,16.5,8.4,25.2,29,20.9
"68",5113,"5113y2013","Essen",2595,1136,1924,11,699,2229,7537,437,859,2388,1,3852,35896,3445,13.6,210.34,569884,273982,295902,2709,122.656540629321,15.2,8.2,25.7,29.2,21.8
"69",5114,"5114y2013","Krefeld",1562,460,733,2,239,973,3479,196,584,1164,0,1535,12800,1029,12.5,137.78,222058,107084,114974,1612,107.629538228751,16.3,7.6,23.8,30.4,21.8
"70",5116,"5116y2013","Mönchengladbach",1269,575,853,8,234,916,3913,277,758,1098,0,1780,15053,1650,12.7,170.45,255430,124452,130978,1499,91.6102258935912,16,8.4,24.3,30.5,20.8
"71",5117,"5117y2013","Mülheim an der Ruhr",599,242,389,4,126,966,2140,72,218,678,0,1172,6336,275,8.3,91.28,166640,79425,87215,1826,75.6120979356697,15.2,7,23,30.8,24
"72",5119,"5119y2013","Oberhausen",1181,370,581,4,187,935,2599,121,448,869,3,1158,13194,1377,13.6,77.1,209097,101827,107270,2712,89.4321774104841,15.4,7.8,24.2,31.3,21.3
"73",5120,"5120y2013","Remscheid",661,173,249,1,66,419,1706,48,291,613,0,754,5420,563,10.3,74.52,108955,53172,55783,1462,60.575466935891,16,7.7,23,31,22.2
"74",5122,"5122y2013","Solingen",725,248,368,3,108,703,2050,91,307,657,0,995,7398,791,9.9,89.54,155768,74822,80946,1740,69.3338811565919,16.9,7.8,23.4,30.4,21.5
"75",5124,"5124y2013","Wuppertal",2470,650,1152,6,451,1614,4637,225,695,1547,4,2166,21122,2188,13.1,168.39,343488,166113,177375,2040,131.300074529532,16.1,8.3,24.8,29.3,21.4
"76",5154,"5154y2013","Kleve",1097,345,515,6,148,1441,4265,234,646,1691,0,1694,10171,1169,7.2,1232.99,302698,149466,153232,245,48.8936167401172,17.3,8.1,23.3,31.8,19.5
"77",5158,"5158y2013","Mettmann",2037,687,945,10,219,1990,6445,285,883,2481,0,2796,18023,1486,7.9,407.22,476633,229018,247615,1170,45.9473011730199,16.2,6.8,22,31.5,23.5
"78",5162,"5162y2013","Rhein-Kreis Neuss",1657,478,748,2,224,2077,6502,222,770,2225,0,3285,14622,1239,7.1,576.52,440602,213436,227166,764,50.8395331841435,17,7,23.5,31.3,21.2
"79",5166,"5166y2013","Viersen",943,287,425,6,114,1329,4794,208,559,1670,2,2355,11316,1198,8,563.28,294921,143168,151753,524,38.6544193190719,16.6,7.6,22.2,32.7,20.8
"80",5170,"5170y2013","Wesel",2085,672,980,2,286,2201,6606,283,900,2402,0,3021,17582,1814,8.2,1042.8,457033,221795,235238,438,62.5775381646402,15.8,7.5,22.2,32.8,21.7
"81",5314,"5314y2013","Bonn",1749,679,1185,0,457,1449,5448,153,528,1668,5,3094,11368,898,7.8,141.06,311287,147304,163983,2207,146.80985714148,16.8,9.4,29,26.6,18.2
"82",5315,"5315y2013","Köln",8615,3488,5574,35,1851,5190,11805,504,1736,3922,6,5637,52124,3718,10.6,405.01,1034175,501577,532598,2553,178.983247516136,15.7,8.5,31.5,26.7,17.6
"83",5316,"5316y2013","Leverkusen",967,371,552,4,161,611,2350,135,256,767,0,1192,6860,779,9.3,78.87,160819,77865,82954,2039,100.112548890367,16.7,7.4,24.3,29.7,21.9
"84",5334,"5334y2013","Aachen",2987,1321,2058,20,649,2580,7422,273,977,2338,0,3834,25069,2338,9.8,706.95,545067,272493,272574,771,119.067931098379,15.8,10.5,25.7,28.3,19.7
"85",5358,"5358y2013","Düren",1297,443,665,7,189,1177,3857,146,568,1419,0,1724,10793,1292,8.8,941.37,258385,127307,131078,274,73.1466609903826,17,8.1,22.9,31.7,20.2
"86",5362,"5362y2013","Rhein-Erft-Kreis",2166,643,1052,13,340,2112,6171,212,804,2232,0,2923,18403,1851,8.6,704.62,456602,222057,234545,648,74.4630991541868,17.1,7.6,23.6,31.3,20.4
"87",5366,"5366y2013","Euskirchen",649,254,345,2,81,868,3158,102,464,1138,0,1454,6192,744,6.8,1248.73,187437,92289,95148,150,43.2145200787465,17.1,7.6,22.2,32.8,20.3
"88",5370,"5370y2013","Heinsberg",1095,344,503,5,125,1238,3834,164,518,1416,0,1736,9443,1194,8.1,627.99,248233,122114,126119,395,50.3559156115424,17.4,8,22.9,32,19.6
"89",5374,"5374y2013","Oberbergischer Kreis",964,328,464,6,101,1310,4516,167,568,1795,0,1986,8750,1005,6.7,918.85,270290,132055,138235,294,37.3672721891302,17.9,8,22.6,31,20.5
"90",5378,"5378y2013","Rheinisch-Bergischer Kreis",904,248,360,1,90,1369,3791,101,402,1337,0,1951,9205,803,7.2,437.32,278440,134690,143750,637,32.3229421060192,17.1,7.1,21.4,31.9,22.5
"91",5382,"5382y2013","Rhein-Sieg-Kreis",1752,662,1036,10,313,2790,8222,373,988,2751,2,4108,17986,2083,6.6,1153.2,582280,283675,298605,505,53.7542075977193,17.8,7.7,22.9,31.4,20.3
"92",5512,"5512y2013","Bottrop",471,190,273,4,71,520,1399,63,180,486,0,670,5277,646,9.9,100.61,116055,56061,59994,1154,61.1778897936323,15.7,7.6,23.7,31.8,21.2
"93",5513,"5513y2013","Gelsenkirchen",1737,613,1025,8,376,1180,3733,316,732,1309,0,1376,17946,1810,16,104.94,257850,126979,130871,2457,145.821213884041,16.4,8.4,25,29.6,20.7
"94",5515,"5515y2013","Münster",1587,559,833,1,243,1495,4446,165,417,1211,25,2628,9257,850,6.5,303.28,299708,143029,156679,988,81.078916812364,14.8,12.3,30.6,25.6,16.7
"95",5554,"5554y2013","Borken",1453,395,563,3,142,1975,6273,252,838,2755,0,2428,8725,990,4.8,1420.98,364271,181075,183196,256,38.9819667225774,19.3,8.8,24,30.2,17.7
"96",5558,"5558y2013","Coesfeld",786,204,295,1,74,1466,3477,93,414,1428,0,1542,3945,493,3.7,1112.04,215282,105691,109591,194,34.3735193838779,18.3,8,22.5,32.4,18.9
"97",5562,"5562y2013","Recklinghausen",2858,966,1505,11,452,2498,8622,440,1229,3280,0,3673,35158,3430,12.2,760.45,613878,298151,315727,807,73.6302652970134,15.9,7.5,23,31.8,21.7
"98",5566,"5566y2013","Steinfurt",1572,429,598,1,141,1928,7323,257,1119,2894,0,3053,11609,1512,5.4,1795.76,434481,214563,219918,242,32.4525123077879,18.7,8.4,23.2,30.8,18.9
"99",5570,"5570y2013","Warendorf",939,229,335,2,78,1124,4429,130,596,1784,0,1919,8821,960,6.6,1319.41,272623,133849,138774,207,28.6109389156454,18.3,7.8,23,30.9,20
"100",5711,"5711y2013","Bielefeld",1648,474,724,3,200,1305,5124,219,618,1844,7,2436,15533,1704,10.4,258.82,328864,158461,170403,1271,60.8154130582855,16.8,9.2,27.1,26.9,20
"101",5754,"5754y2013","Gütersloh",1068,364,533,8,139,1590,5683,193,763,2228,0,2499,10273,1162,5.9,969.21,352334,174654,177680,364,39.4512025521238,18.5,8.2,24.5,30.1,18.8
"102",5758,"5758y2013","Herford",823,241,382,5,115,1104,4044,159,394,1526,0,1965,8315,935,7,450.41,248988,121285,127703,553,46.1869648336466,17.1,7.7,23.1,30.5,21.6
"103",5762,"5762y2013","Höxter",561,185,218,2,24,616,2856,112,307,1060,0,1377,3944,470,5.9,1201.42,142788,70709,72079,119,16.8081351374065,17.5,8,22.1,31.2,21.1
"104",5766,"5766y2013","Lippe",828,408,574,10,124,1585,5241,202,746,2126,0,2167,13725,1555,8.5,1246.21,345374,167812,177562,277,35.9031079351659,17.9,8,22.2,30.2,21.8
"105",5770,"5770y2013","Minden-Lübbecke",810,302,470,7,138,1266,5282,202,646,1981,1,2452,9385,1079,6.4,1152.41,309356,151399,157957,268,44.6088002172255,17.7,7.9,22.6,30.6,21.2
"106",5774,"5774y2013","Paderborn",1086,412,566,3,120,1459,4770,139,772,1930,5,1924,10087,1125,6.9,1246.8,296688,147341,149347,238,40.4465296877528,18.3,9.4,26.3,29.1,17
"107",5911,"5911y2013","Bochum",2466,872,1337,9,417,1387,4819,191,656,1741,4,2227,19112,1696,11.4,145.66,361734,174396,187338,2483,115.278077261192,14.2,8.6,26.1,29.3,21.8
"108",5913,"5913y2013","Dortmund",3975,1935,3257,19,1221,2183,7321,460,1044,2605,8,3204,38511,3659,14.6,280.71,575944,281116,294828,2052,211.999777756171,15.6,8.7,26.7,28.6,20.4
"109",5914,"5914y2013","Hagen",1010,320,553,2,212,743,2871,106,398,1066,1,1300,10154,1104,11.8,160.35,185996,89907,96089,1160,113.980945826792,16,7.9,23.4,30.1,22.6
"110",5915,"5915y2013","Hamm",793,297,455,4,120,786,2741,152,472,1137,0,980,9416,891,11.5,226.43,176048,85813,90235,777,68.1632282104881,17.5,8.4,24.6,29.2,20.4
"111",5916,"5916y2013","Herne",1015,246,409,3,146,650,2127,125,326,754,0,922,10510,975,15.2,51.42,154417,74675,79742,3003,94.5491752851046,15.8,8,24.3,29.9,22
"112",5954,"5954y2013","Ennepe-Ruhr-Kreis",1328,395,589,4,173,1816,4269,184,481,1564,0,2040,12779,976,8.3,408.44,322731,155738,166993,790,53.6050147026471,15.1,7.4,22.3,32.2,23
"113",5958,"5958y2013","Hochsauerlandkreis",949,232,358,9,89,1159,4254,162,603,1681,0,1808,7497,753,5.8,1960.17,261999,129615,132384,134,33.9695953037989,17.1,7.9,22.6,31.2,21.2
"114",5962,"5962y2013","Märkischer Kreis",2117,583,875,14,234,1901,6072,384,872,2305,0,2511,15864,1604,7.9,1061.06,416240,203569,212671,392,56.2175667883913,16.9,7.9,22.9,31.2,21.1
"115",5966,"5966y2013","Olpe",560,170,209,1,33,697,2308,126,347,806,0,1029,3653,405,5.3,712.14,134947,67266,67681,189,24.4540449213395,17.8,8.1,23.9,31.1,19
"116",5970,"5970y2013","Siegen-Wittgenstein",1112,381,483,1,81,1303,4709,153,556,1806,24,2170,8678,1095,6.4,1132.89,274904,135077,139827,243,29.4648313593109,16.3,8.8,23.7,30.4,20.8
"117",5974,"5974y2013","Soest",1245,372,521,4,118,1427,4842,174,584,1783,1,2300,10355,967,7.1,1328.64,294971,144777,150194,222,40.0039325899834,17.4,7.7,23.2,31.2,20.4
"118",5978,"5978y2013","Unna",1676,556,872,5,272,1654,6056,317,831,2030,0,2878,19835,1728,10.7,543.21,391622,189556,202066,721,69.4547293052995,16.3,7.6,22.6,31.9,21.6
"119",6411,"6411y2013","Darmstadt",574,315,438,1,109,733,2397,56,191,711,57,1382,5072,483,7.4,122.09,149743,75275,74468,1226,72.7913825688012,15.7,10.8,30.4,25.5,17.7
"120",6412,"6412y2013","Frankfurt am Main",3914,2176,3315,34,1016,2807,6153,299,768,2526,64,2496,26233,1950,8.3,248.31,701350,344952,356398,2824,144.863477578955,15.9,7.7,34.3,26.1,16
"121",6413,"6413y2013","Offenbach am Main",568,314,558,8,210,414,1506,94,309,519,23,561,6899,530,12.5,44.89,119203,58963,60240,2655,176.170062833989,18,8.5,29.2,26.6,17.6
"122",6414,"6414y2013","Wiesbaden",1635,792,1062,13,222,1444,3110,180,382,1273,40,1235,10773,1198,8.3,203.92,273871,130760,143111,1343,81.0600611236677,17.2,7.5,27.9,27.8,19.6
"123",6431,"6431y2013","Bergstraße",537,228,324,10,79,1232,3408,87,417,1336,27,1541,6250,364,5.1,719.52,262322,128647,133675,365,30.1156593804561,16,7.4,23.1,32.3,21.2
"124",6432,"6432y2013","Darmstadt-Dieburg",583,236,308,7,56,1343,3063,151,527,1369,0,1016,7652,787,5.6,658.65,285407,140871,144536,433,19.6211024957342,17,7.6,24,31.7,19.7
"125",6433,"6433y2013","Groß-Gerau",454,202,289,5,67,967,2897,134,516,1374,0,873,8311,872,6.8,453.05,257301,127204,130097,568,26.0395412376944,17.4,7.8,26.3,29.4,19.1
"126",6434,"6434y2013","Hochtaunuskreis",600,213,309,9,69,1172,2774,87,375,1024,0,1288,4555,324,4.6,482.02,229167,110265,118902,475,30.1090471141133,17.8,6.3,23.1,30.5,22.2
"127",6435,"6435y2013","Main-Kinzig-Kreis",908,350,582,16,175,2180,5061,206,881,2269,0,1705,10988,1202,5.8,1397.55,404995,198091,206904,290,43.2104100050618,16.6,7.5,24.3,30.9,20.6
"128",6436,"6436y2013","Main-Taunus-Kreis",621,275,356,3,64,766,2611,77,345,1027,0,1162,5400,460,5,222.39,228021,110818,117203,1025,28.0675902658088,17.7,6.4,25,30.1,20.8
"129",6437,"6437y2013","Odenwaldkreis",193,76,102,0,22,423,1311,41,209,595,0,466,2990,360,6.6,623.98,96201,47380,48821,154,22.8687851477635,16.1,8,22.3,31.8,21.7
"130",6438,"6438y2013","Offenbach",831,375,582,6,175,1191,3884,134,567,1478,92,1613,9964,937,6.2,356.3,338300,165651,172649,949,51.7292344073308,16.8,7.1,25.2,30.2,20.6
"131",6439,"6439y2013","Rheingau-Taunus-Kreis",420,149,203,3,35,1030,2034,99,261,836,0,838,4142,303,4.9,811.48,181190,88594,92596,223,19.3167393344004,16.5,7,22.4,32.3,21.8
"132",6440,"6440y2013","Wetteraukreis",786,292,408,15,89,1294,4110,178,543,1486,0,1903,8225,865,6,1100.73,295408,145084,150324,268,30.1278232139956,17,7.5,23.9,31.3,20.2
"133",6531,"6531y2013","Gießen",880,350,512,22,111,1054,3642,133,396,1520,28,1565,9457,971,7.9,854.64,253820,124134,129686,297,43.731778425656,15.6,10.3,26.2,29,18.9
"134",6532,"6532y2013","Lahn-Dill-Kreis",584,216,320,25,62,1116,3040,122,602,1421,38,857,8330,905,6.9,1066.52,251327,123096,128231,236,24.669056647316,16.7,8.1,23.3,30.9,21.1
"135",6533,"6533y2013","Limburg-Weilburg",464,212,280,11,39,764,2608,93,497,999,10,1009,5222,557,6.6,738.48,169964,83781,86183,230,22.9460356310748,17.1,7.7,23.4,31.6,20.1
"136",6534,"6534y2013","Marburg-Biedenkopf",835,251,371,11,83,1090,2925,120,400,1245,3,1157,5928,655,5.2,1262.55,241656,117854,123802,191,34.3463435627504,16.2,10.8,25.5,28.7,18.9
"137",6535,"6535y2013","Vogelsbergkreis",275,91,119,5,15,470,1170,46,209,572,0,343,2661,310,5.2,1458.99,106383,52712,53671,73,14.0999971800006,15.3,7.3,21.7,32.9,22.8
"138",6611,"6611y2013","Kassel",936,483,769,16,246,882,2551,168,316,913,30,1124,9947,1153,11.3,106.78,194087,93967,100120,1818,126.747283434748,15.3,9.9,28.1,27,19.7
"139",6631,"6631y2013","Fulda",622,249,342,7,74,992,3176,105,590,1434,0,1047,4138,446,4,1380.39,216314,106118,110196,157,34.2095287406271,17.5,8.5,24,29.8,20.2
"140",6632,"6632y2013","Hersfeld-Rotenburg",391,136,207,7,59,484,1410,50,285,713,33,329,3211,380,5.8,1097.13,119651,59158,60493,109,49.3100768067129,15.8,7.1,22.5,31.3,23.3
"141",6633,"6633y2013","Kassel",407,198,256,3,44,1056,2669,89,428,1285,0,867,6415,697,5.9,1292.92,233352,113798,119554,180,18.8556344063903,15.6,6.9,21.7,32.1,23.7
"142",6634,"6634y2013","Schwalm-Eder-Kreis",413,165,244,8,56,753,2469,129,325,1030,0,985,5042,626,6,1538.49,179429,89142,90287,117,31.2101165363459,15.9,7.5,22.7,32,22
"143",6635,"6635y2013","Waldeck-Frankenberg",412,135,192,3,44,778,1993,97,328,947,0,621,4373,524,5.8,1848.45,156607,77326,79281,85,28.0958067008499,16.5,7.5,22.2,31.8,22
"144",6636,"6636y2013","Werra-Meißner-Kreis",328,95,137,6,25,459,1124,54,232,521,0,317,3429,392,7.7,1024.7,100356,48909,51447,98,24.9113157160509,14.8,7.1,21,32.3,24.8
"145",7111,"7111y2013","Koblenz",1077,343,429,2,77,578,1515,87,254,442,53,679,3708,335,7.2,105.13,110643,53188,57455,1052,69.5931961353181,14.4,9.5,27.1,27.5,21.5
"146",7131,"7131y2013","Ahrweiler",596,211,258,1,35,611,1413,52,239,535,25,562,2913,317,5,786.99,126102,61536,64566,160,27.7553091941444,15.6,7.5,21.1,32.4,23.4
"147",7132,"7132y2013","Altenkirchen (Westerwald)",704,231,270,0,32,569,1677,65,355,752,29,476,3953,469,6.4,642,128373,63240,65133,200,24.9273601146659,16.8,8.2,22.3,31.8,20.9
"148",7133,"7133y2013","Bad Kreuznach",871,270,372,4,79,784,1745,82,363,658,15,627,5829,630,7.9,863.7,155297,75420,79877,180,50.8702679382087,16.4,7.4,22.4,32.3,21.6
"149",7134,"7134y2013","Birkenfeld",393,107,132,2,13,337,792,29,186,351,14,212,2914,331,7.6,776.55,80673,39697,40976,104,16.1144372962453,15.2,7.4,21.4,32.9,23
"150",7135,"7135y2013","Cochem-Zell",301,72,83,2,7,323,529,43,120,273,2,91,1358,163,4.5,719.97,63202,31485,31717,88,11.0755988734534,15.9,7.5,21.3,32.4,22.9
"151",7137,"7137y2013","Mayen-Koblenz",860,286,350,3,47,1163,2112,127,478,1002,18,487,5596,639,5.5,817.26,209785,102901,106884,257,22.4038896965941,16.3,7.6,23.2,32.3,20.6
"152",7138,"7138y2013","Neuwied",811,237,330,4,72,806,2170,188,382,1113,25,462,5540,643,6.6,626.88,179454,87750,91704,286,40.121702497576,17,7.9,21.9,31.8,21.4
"153",7140,"7140y2013","Rhein-Hunsrück-Kreis",276,101,132,0,24,519,1194,53,292,531,11,307,2652,287,5.3,963.39,100770,49780,50990,105,23.8166120869306,16.4,7.6,22.4,32.6,21
"154",7141,"7141y2013","Rhein-Lahn-Kreis",495,139,177,0,24,636,1357,105,241,568,14,429,2779,192,4.8,782.34,121375,59764,61611,155,19.773429454171,15.7,7.4,22.1,32.5,22.3
"155",7143,"7143y2013","Westerwaldkreis",827,202,251,2,29,844,2148,131,497,1050,18,452,4519,479,4.6,988.97,198704,98331,100373,201,14.594572831951,17.2,7.8,23.3,32,19.7
"156",7211,"7211y2013","Trier",893,305,413,1,101,578,1457,67,277,474,31,608,3146,384,6.2,117.13,107233,51782,55451,916,94.1874236475712,13.7,13,29.8,25.7,17.7
"157",7231,"7231y2013","Bernkastel-Wittlich",508,149,186,3,19,557,1272,72,196,669,14,321,2341,297,4.3,1167.59,110643,54811,55832,95,17.1723470983252,16.1,7.6,22.7,32.3,21.2
"158",7232,"7232y2013","Eifelkreis Bitburg-Prüm",284,89,117,0,17,432,1217,47,216,511,19,424,1636,240,3.6,1626.26,96158,47973,48185,59,17.6792362569937,17,8.3,23.1,31.9,19.7
"159",7233,"7233y2013","Vulkaneifel",258,68,80,1,7,288,784,39,134,364,3,244,1562,191,5.3,911.05,60765,30112,30653,67,11.5197893524233,16.3,7.6,21,32.2,22.9
"160",7235,"7235y2013","Trier-Saarburg",406,130,157,1,18,635,1251,92,228,598,9,324,2795,348,3.9,1101.49,144337,70958,73379,131,12.4708148291845,17.1,7.4,23.8,32.5,19.2
"161",7311,"7311y2013","Frankenthal (Pfalz)",357,110,158,0,42,208,679,60,116,232,16,255,1673,176,7.8,43.76,47332,22864,24468,1082,88.7348939406744,16.2,7.8,24.4,29.1,22.4
"162",7312,"7312y2013","Kaiserslautern",1150,457,592,3,122,378,1336,67,192,400,62,615,5409,543,11.8,139.73,97162,48493,48669,695,125.563491900126,14.2,11.7,26.2,28,19.9
"163",7313,"7313y2013","Landau in der Pfalz",329,116,154,0,29,239,880,49,118,315,12,386,1164,120,5.5,82.96,43825,20609,23216,528,66.1722760981175,15,10.9,26,28.9,19.2
"164",7314,"7314y2013","Ludwigshafen am Rhein",1770,560,795,5,202,581,1774,160,418,513,47,636,7591,747,10.2,77.55,161518,79764,81754,2083,125.063460419272,17.2,8.5,26.8,28,19.5
"165",7315,"7315y2013","Mainz",1786,597,754,7,131,803,2345,42,334,717,91,1161,6633,571,6.8,97.74,204268,98529,105739,2090,64.1314351733997,14.3,10.9,32.1,25,17.7
"166",7316,"7316y2013","Neustadt an der Weinstraße",339,172,196,1,18,312,500,35,77,117,6,265,1627,168,6.6,117.1,52400,25308,27092,447,34.3511450381679,15.5,7.2,22.3,31.9,23.1
"167",7317,"7317y2013","Pirmasens",309,122,167,3,38,149,492,33,105,148,7,199,2711,313,14.7,61.37,40101,19242,20859,653,94.7607291588738,14.5,7.6,21.1,31.8,25.1
"168",7318,"7318y2013","Speyer",412,112,149,0,31,434,878,22,109,278,19,450,1688,187,7.1,42.6,49740,23906,25834,1168,62.324085243265,16.5,7.3,23.9,31.2,21
"169",7319,"7319y2013","Worms",573,239,371,0,114,291,878,36,163,348,13,318,3655,474,9.4,108.73,80296,38946,41350,738,141.974693633556,17,8.7,24.8,29.8,19.6
"170",7320,"7320y2013","Zweibrücken",185,53,71,0,17,193,508,26,73,176,14,219,1408,128,8.8,70.64,34084,16676,17408,483,49.8767750264053,15.4,7.9,24,30.5,22.3
"171",7331,"7331y2013","Alzey-Worms",404,131,164,2,24,660,1554,68,279,671,55,481,3167,397,5.2,588.14,125213,62185,63028,213,19.1673388545918,17.4,7.7,23.3,33.6,18.1
"172",7332,"7332y2013","Bad Dürkheim",703,226,283,0,50,771,1049,78,183,459,8,321,2910,300,4.8,594.79,131041,64062,66979,220,38.155996978045,15.7,7,21.2,33.7,22.4
"173",7333,"7333y2013","Donnersbergkreis",303,117,147,0,28,351,1035,61,188,493,20,273,2364,291,6.5,645.49,75192,37059,38133,116,37.2380040429833,17.2,7.5,22.3,33.4,19.6
"174",7334,"7334y2013","Germersheim",636,177,208,1,22,523,1132,45,200,574,4,309,3263,367,5.2,463.35,125434,62243,63191,271,17.539104230113,17,8.4,24.7,31.8,18.2
"175",7335,"7335y2013","Kaiserslautern",423,122,143,0,16,517,1052,66,237,448,20,281,3155,363,6.4,639.88,104117,50998,53119,163,15.3673271415811,16.8,7.8,22.3,32.8,20.2
"176",7336,"7336y2013","Kusel",277,86,100,1,11,353,737,27,161,397,9,143,1927,230,5.6,573.35,71098,35163,35935,124,15.4716025767251,15.3,7.6,21.4,33.9,21.8
"177",7337,"7337y2013","Südliche Weinstraße",431,135,154,0,11,637,1069,52,102,538,13,364,2386,258,4.6,639.83,109026,53691,55335,170,10.089336488544,16,7.5,21.9,33.4,21.2
"178",7338,"7338y2013","Rhein-Pfalz-Kreis",652,156,215,1,39,638,1068,42,245,626,7,148,3036,315,4.1,304.94,149068,72974,76094,489,26.1625566855395,16.1,7,22.5,32.7,21.7
"179",7339,"7339y2013","Mainz-Bingen",883,211,266,4,37,1047,1921,81,313,741,43,743,4786,553,4.8,605.73,203338,99855,103483,336,18.1963036913907,17.3,7.2,23.7,32.8,19
"180",7340,"7340y2013","Südwestpfalz",190,66,83,1,6,478,752,17,213,399,9,114,2560,306,5.4,953.65,96599,47641,48958,101,6.21124442282011,14.6,7.4,20.9,34.1,23
"181",8111,"8111y2013","Stuttgart",4758,1567,2272,19,576,2501,5467,244,855,2127,45,2196,18006,1274,6.5,207.35,604297,298413,305884,2914,95.3173687772734,15.2,8.9,32.5,25,18.4
"182",8115,"8115y2013","Böblingen",1319,319,423,10,65,1513,4244,167,819,1995,0,1263,7522,587,4.2,617.82,370392,182704,187688,600,17.5489751398518,17.9,7.6,25.7,29.1,19.7
"183",8116,"8116y2013","Esslingen",1521,499,644,16,103,2120,5578,218,1140,2471,36,1713,9970,857,4,641.48,512279,252108,260171,799,20.106231174809,17.3,7.9,25.5,29.1,20.2
"184",8117,"8117y2013","Göppingen",780,214,316,6,75,1197,2888,134,552,1471,11,720,5667,597,4.8,642.36,248813,122731,126082,387,30.1431195315357,17,8,23.9,30,21.1
"185",8118,"8118y2013","Ludwigsburg",1709,412,577,10,123,2226,5555,263,881,2784,7,1620,10991,1058,4.3,686.82,521633,257080,264553,759,23.5797965236095,17.6,7.7,26.2,29.1,19.5
"186",8119,"8119y2013","Rems-Murr-Kreis",1577,420,541,12,94,1718,4599,238,793,2359,27,1182,8779,666,4.4,858.14,411025,201855,209170,479,22.8696551304665,17.4,7.7,24.1,30.2,20.5
"187",8121,"8121y2013","Heilbronn",619,221,297,4,63,536,1728,63,403,782,0,480,4248,383,7.4,99.88,118122,58440,59682,1183,53.3346878650886,17.2,8.4,27,26.9,20.4
"188",8125,"8125y2013","Heilbronn",674,206,273,4,39,1533,3603,146,822,1838,0,797,7005,686,4.3,1099.93,326035,161934,164101,296,11.9619059303449,18,8,25,30.5,18.6
"189",8126,"8126y2013","Hohenlohekreis",271,100,121,1,11,517,1333,57,344,648,0,284,1894,181,3.4,776.76,107866,53969,53897,139,10.1978380583316,17.9,8.6,24.6,30.5,18.4
"190",8127,"8127y2013","Schwäbisch Hall",522,152,211,3,43,961,2390,107,554,1175,7,547,3567,398,3.8,1484,187682,93657,94025,126,22.9110942978016,18.1,8.3,24.9,30.6,18.2
"191",8128,"8128y2013","Main-Tauber-Kreis",278,56,87,2,18,544,1710,69,407,859,0,375,2661,275,4.1,1304.41,129857,64015,65842,100,13.8614013876803,16.7,7.9,22.8,31.4,21.3
"192",8135,"8135y2013","Heidenheim",352,150,191,1,28,527,1583,67,386,728,0,402,3565,313,5.8,627.12,127947,63283,64664,204,21.8840613691607,17.2,8,23.4,29.6,21.7
"193",8136,"8136y2013","Ostalbkreis",849,297,395,5,68,1303,4090,160,868,1958,18,1086,6103,569,4.1,1511.57,306933,151882,155051,203,22.1546721923026,18,8.4,24.4,29.6,19.7
"194",8211,"8211y2013","Baden-Baden",214,86,118,7,22,347,627,31,134,176,0,286,1491,101,6.3,140.21,53012,24893,28119,378,41.500037727307,14.3,6.5,22.1,30.7,26.4
"195",8212,"8212y2013","Karlsruhe",1413,685,940,9,226,1441,2595,154,293,1057,17,1074,8556,661,6.2,173.46,299103,150451,148652,1724,75.5592555073002,14.4,10.7,30.2,26.2,18.5
"196",8215,"8215y2013","Karlsruhe",921,310,440,8,91,1860,4749,176,803,2488,0,1282,7555,834,3.6,1084.94,429186,211795,217391,396,21.2029283341022,16.9,7.6,24.2,31.3,20
"197",8216,"8216y2013","Rastatt",669,243,324,6,60,954,2314,134,528,1117,1,534,4559,431,4,738.75,223311,109963,113348,302,26.8683584776388,16.6,7.6,23.4,31.9,20.5
"198",8221,"8221y2013","Heidelberg",711,276,366,3,78,898,1526,24,178,478,3,843,3481,262,5.8,108.83,152113,72422,79691,1398,51.2776685753354,13.7,13.3,33,23.7,16.2
"199",8222,"8222y2013","Mannheim",1474,809,1159,20,279,1221,2918,168,381,1370,26,973,9260,437,6.7,144.96,296690,146345,150345,2047,94.0375476086151,15.2,9.8,29.1,26.9,19
"200",8225,"8225y2013","Neckar-Odenwald-Kreis",356,103,157,2,41,643,1758,85,501,725,0,447,3120,335,4.5,1126.25,141584,70441,71143,126,28.9580743586846,16.9,8.1,22.8,31.9,20.3
"201",8226,"8226y2013","Rhein-Neckar-Kreis",1405,453,584,11,95,2513,4990,229,861,2420,0,1480,12535,1183,5,1061.71,531013,258970,272043,500,17.8903341349458,16.9,7.6,24.2,30.8,20.5
"202",8231,"8231y2013","Pforzheim",775,205,298,3,74,485,1594,79,357,654,9,495,4864,457,8.9,98,117754,57147,60607,1202,62.8428758258743,17,9.1,25.6,27.4,20.8
"203",8235,"8235y2013","Calw",397,76,115,11,15,728,1873,77,398,961,0,437,3489,365,4.7,797.51,151461,75016,76445,190,9.90353952502624,17.8,8.1,22.9,31.1,20
"204",8236,"8236y2013","Enzkreis",366,86,124,2,32,862,1968,85,375,1109,0,399,2876,320,3.1,573.69,192811,95032,97779,336,16.5965634740757,17.5,7.9,23,31.3,20.4
"205",8237,"8237y2013","Freudenstadt",329,136,161,4,14,529,1333,78,317,680,0,258,2664,280,4.5,870.67,114793,56630,58163,132,12.1958656015611,17.8,8.4,23.3,30.8,19.7
"206",8311,"8311y2013","Freiburg im Breisgau",2106,671,870,6,161,1237,2432,127,355,858,15,1077,6659,300,6.7,153.06,220286,103982,116304,1439,73.0868053348828,15.5,12.4,31.3,24.7,16
"207",8315,"8315y2013","Breisgau-Hochschwarzwald",987,245,311,5,48,1151,2667,100,489,1301,0,777,4548,356,3.8,1378.34,250137,122249,127888,181,19.1894841626789,17.8,7.9,22.8,31,20.6
"208",8316,"8316y2013","Emmendingen",566,171,230,1,38,701,1806,105,441,937,0,323,2854,257,3.6,679.88,158177,77608,80569,233,24.0237202627436,17.7,7.7,23.4,31.5,19.6
"209",8317,"8317y2013","Ortenaukreis",1400,369,575,14,151,1937,5271,216,1161,2470,8,1416,8756,747,4.2,1860.78,412678,203550,209128,222,36.5902713495752,17.7,8,23.7,30.8,19.8
"210",8325,"8325y2013","Rottweil",298,106,130,3,21,551,1621,63,388,756,0,414,2498,259,3.7,769.43,135319,66921,68398,176,15.5188850050621,18,8,23.1,30.3,20.6
"211",8326,"8326y2013","Schwarzwald-Baar-Kreis",456,198,269,2,53,863,2589,160,525,1324,8,572,4380,467,4.4,1025.26,205090,100855,104235,200,25.8423131308206,16.8,8.2,23.4,29.9,21.7
"212",8327,"8327y2013","Tuttlingen",454,135,176,3,31,615,1672,77,363,890,0,342,2344,205,3.5,734.35,133198,66204,66994,181,23.273622727068,18.7,8.1,24.7,29.2,19.3
"213",8335,"8335y2013","Konstanz",1111,359,489,13,83,1450,2917,108,719,1308,0,782,6253,559,4.8,817.97,273407,132172,141235,334,30.3576718957452,16.6,9.8,24.2,29,20.5
"214",8336,"8336y2013","Lörrach",1069,275,378,3,76,1000,2624,82,633,1228,23,658,4596,430,4,806.77,221943,108111,113832,275,34.2430263626246,17.8,7.8,24,30.6,19.6
"215",8337,"8337y2013","Waldshut",525,136,191,3,37,736,1942,90,475,946,0,431,2825,288,3.4,1131.15,164265,80674,83591,145,22.5245791860713,18.3,7.9,23.1,30.5,20.3
"216",8415,"8415y2013","Reutlingen",1009,360,447,13,52,1294,3253,160,706,1471,34,882,6009,561,4.5,1092.72,276019,135326,140693,253,18.8392828029954,17.5,8.3,24.4,29.7,20
"217",8416,"8416y2013","Tübingen",721,198,249,5,33,1000,2516,137,455,967,2,955,3874,282,3.8,519.19,216535,105212,111323,417,15.240030480061,17.1,11.6,27.1,28.1,16.1
"218",8417,"8417y2013","Zollernalbkreis",527,213,253,2,26,770,2248,102,496,1214,0,436,4341,450,4.8,917.71,184615,90722,93893,201,14.0833626736722,16.7,8.1,22.9,30.9,21.3
"219",8421,"8421y2013","Ulm",663,256,368,8,88,660,1634,77,255,619,0,683,3214,276,5.6,118.69,119218,58341,60877,1004,73.8143568924156,16,10.2,29.4,25.9,18.6
"220",8425,"8425y2013","Alb-Donau-Kreis",337,110,154,4,25,786,2065,95,498,1093,0,379,3322,376,3.5,1358.67,187892,93867,94025,138,13.3055159346859,18.9,8.4,24.4,29.9,18.5
"221",8426,"8426y2013","Biberach",679,136,175,3,26,915,2461,108,555,1279,0,519,2993,349,3.1,1409.75,188696,94063,94633,134,13.7787764446517,19,8.4,24.8,29.9,17.9
"222",8435,"8435y2013","Bodenseekreis",646,204,251,2,30,1148,2492,150,483,1210,8,641,3193,256,3.2,664.8,207450,101660,105790,312,14.4613159797542,16.9,7.9,23.7,29.9,21.6
"223",8436,"8436y2013","Ravensburg",1201,385,477,7,68,1371,3879,207,731,2078,1,862,4171,402,3.2,1631.82,273540,134892,138648,168,24.8592527601082,18.4,8.8,24.7,29.2,18.9
"224",8437,"8437y2013","Sigmaringen",408,144,176,4,16,564,1743,100,274,883,0,486,2692,298,4.3,1204.34,127101,62980,64121,106,12.5884139385213,18.2,8.7,23.1,30.6,19.4
"225",9161,"9161y2013","Ingolstadt",1071,315,378,9,44,617,1708,75,323,749,0,561,2539,259,4,133.37,129136,64731,64405,968,34.0726056250774,16.5,8.2,29.8,26.8,18.8
"226",9162,"9162y2013","München",8816,3339,4070,37,541,4688,11473,684,2489,4541,0,3759,39775,2795,5.9,310.74,1407836,683126,724710,4531,38.427771416557,14.8,8.1,33.9,25.3,17.9
"227",9163,"9163y2013","Rosenheim",721,208,252,6,24,225,1027,64,180,447,0,336,1632,143,5.7,37.22,60464,29546,30918,1625,39.6930404869013,16.2,8.3,28.2,27.2,20
"228",9171,"9171y2013","Altötting",404,107,133,4,20,557,1243,40,291,624,0,288,2138,231,4.1,569.35,106965,52378,54587,188,18.6977048567288,16.9,7.8,23.5,30.7,21.1
"229",9172,"9172y2013","Berchtesgadener Land",339,66,101,5,20,516,1073,49,264,523,0,237,1999,187,4.7,839.92,102346,49891,52455,122,19.5415551169562,15.6,8.3,24.3,28.6,23.2
"230",9173,"9173y2013","Bad Tölz-Wolfratshausen",390,90,113,3,18,699,1508,33,297,725,0,453,1942,169,3.4,1110.69,122118,59850,62268,110,14.7398417923648,17.5,7.5,23.9,30.2,20.9
"231",9174,"9174y2013","Dachau",435,104,140,1,21,591,1523,76,423,637,0,387,1983,220,2.8,579.18,144407,71636,72771,249,14.5422313322761,18,8,26.5,29.7,17.7
"232",9175,"9175y2013","Ebersberg",321,109,138,2,18,533,1418,81,209,623,0,505,1734,149,2.8,549.37,133007,65811,67196,242,13.5331223168705,19.2,7.5,25.3,29.4,18.7
"233",9176,"9176y2013","Eichstätt",265,93,110,0,7,594,1321,23,266,746,0,286,945,119,1.5,1214.06,125858,63300,62558,104,5.56182364251776,19,8.7,25.9,29.5,16.9
"234",9177,"9177y2013","Erding",409,115,142,1,15,580,1440,40,402,658,0,340,1584,158,2.4,870.72,130238,65192,65046,150,11.5173758810793,19,8.2,26.5,30.4,15.8
"235",9178,"9178y2013","Freising",459,142,175,0,18,692,1844,68,356,971,0,449,2460,220,2.9,799.82,169010,85466,83544,211,10.65025738122,18.2,9.2,28.5,28.7,15.4
"236",9179,"9179y2013","Fürstenfeldbruck",608,136,176,3,29,862,2139,58,362,879,0,840,3456,297,3.5,434.79,208272,101205,107067,479,13.9240992548206,17.6,7.3,24.8,29,21.3
"237",9180,"9180y2013","Garmisch-Partenkirchen",250,64,76,4,5,728,1006,22,195,419,0,370,1728,153,4.5,1012.23,85443,41154,44289,84,5.85185445267605,15.5,7.6,22.3,29.6,25
"238",9181,"9181y2013","Landsberg am Lech",335,78,103,3,11,664,1457,78,303,691,0,385,1751,170,3.3,804.38,114926,56988,57938,143,9.57137636392113,18.8,7.8,23.6,30.9,18.8
"239",9182,"9182y2013","Miesbach",256,86,105,4,6,1010,1005,30,221,554,0,200,1466,113,3.4,866.23,96049,46565,49484,111,6.24681152328499,16.7,7.6,23.6,29.8,22.3
"240",9183,"9183y2013","Mühldorf a.Inn",384,86,121,4,17,487,1429,72,345,716,0,296,2301,247,4.4,805.31,109227,54591,54636,136,15.5639173464436,17.5,8.3,24.3,30.4,19.6
"241",9184,"9184y2013","München",740,283,348,2,46,1649,2916,98,393,1016,0,1409,5188,346,3.5,664.25,329981,162383,167598,497,13.9401965567715,18.2,7.2,25.9,28.1,20.6
"242",9185,"9185y2013","Neuburg-Schrobenhausen",402,115,140,0,12,497,1194,43,255,656,0,240,1173,135,2.6,739.8,92700,46418,46282,125,12.9449838187702,18.1,8.3,25.4,29.9,18.3
"243",9186,"9186y2013","Pfaffenhofen a.d.Ilm",526,144,167,6,13,567,1197,75,309,531,0,282,1402,161,2.4,761.14,119987,60632,59355,158,10.8345070715994,17.8,8.2,26.1,30.6,17.4
"244",9187,"9187y2013","Rosenheim",830,191,224,9,17,1408,2478,107,527,1318,0,526,3653,403,3.2,1439.54,249810,123049,126761,174,6.80517193066731,17.7,8.1,23.8,30.2,20.2
"245",9188,"9188y2013","Starnberg",285,91,124,3,19,846,1185,42,154,452,0,537,1809,118,3.3,487.71,130811,62863,67948,268,14.5247723815275,18.2,7,22.1,30.1,22.6
"246",9189,"9189y2013","Traunstein",593,163,195,6,19,982,2064,80,445,1046,0,493,2829,291,3.6,1534,170364,83288,87076,111,11.1525909229649,16.8,8,23,30,22.2
"247",9190,"9190y2013","Weilheim-Schongau",424,87,104,1,14,615,1657,59,350,838,0,410,1952,225,3.2,966.38,130387,64322,66065,135,10.7372667520535,17.8,7.9,23.1,30.4,20.7
"248",9261,"9261y2013","Landshut",774,192,236,1,38,300,1114,36,162,565,0,351,1693,157,5.5,65.81,66179,31659,34520,1006,57.4200275011711,15.1,8.6,27.5,27.6,21.3
"249",9262,"9262y2013","Passau",421,113,148,6,27,340,898,33,143,445,0,277,1395,131,6.3,69.57,49454,23239,26215,711,54.5961903991588,13.3,12.2,26,26.7,21.9
"250",9263,"9263y2013","Straubing",423,113,154,1,23,247,981,49,176,399,0,357,1369,165,6.4,67.58,45502,22636,22866,673,50.5472286932443,14.1,8.2,26.6,29.9,21.1
"251",9271,"9271y2013","Deggendorf",575,154,185,4,17,568,1407,51,324,708,1,323,2151,234,3.8,861.3,115374,57071,58303,134,14.7346889247144,16.6,8.5,24.6,31.1,19.1
"252",9272,"9272y2013","Freyung-Grafenau",234,52,63,0,4,369,846,25,220,402,0,199,1637,162,4.5,984.14,77626,38426,39200,79,5.15291268389457,16.2,8.2,23,32.6,20
"253",9273,"9273y2013","Kelheim",403,128,144,0,10,551,1229,47,345,530,0,307,1870,213,3.3,1065.98,115232,57764,57468,108,8.67814495973341,18,8.5,25.4,30.2,17.9
"254",9274,"9274y2013","Landshut",495,115,140,2,18,666,1362,43,451,701,0,167,2234,254,3,1347.91,150316,75767,74549,112,11.9747731445754,18.2,8.1,25,31.1,17.6
"255",9275,"9275y2013","Passau",555,124,150,4,17,820,1798,61,479,892,0,366,3793,430,4.3,1530.29,185671,91391,94280,121,9.15598020153928,16.5,7.9,23.7,31.3,20.5
"256",9276,"9276y2013","Regen",252,58,71,3,3,436,819,27,244,413,0,135,1569,139,4.3,974.91,76257,37813,38444,78,3.93406506943625,15.8,7.9,23.4,32.2,20.7
"257",9277,"9277y2013","Rottal-Inn",443,137,161,10,8,527,1400,55,384,681,0,280,2217,284,4,1281.42,117654,58380,59274,92,6.7995988236694,17.1,8.1,23.8,30.5,20.5
"258",9278,"9278y2013","Straubing-Bogen",265,53,65,1,4,425,783,16,261,360,0,146,1560,180,3.3,1201.94,97323,48597,48726,81,4.11002537940672,17.7,8.1,24.5,31.4,18.3
"259",9279,"9279y2013","Dingolfing-Landau",364,91,104,1,8,404,1012,27,326,412,0,247,1410,179,2.9,877.79,92565,47210,45355,105,8.64257548749527,16.8,8.8,25.4,30.8,18.2
"260",9361,"9361y2013","Amberg",279,58,78,0,17,210,886,60,129,400,0,297,1398,148,6.9,50.13,41592,20353,21239,830,40.8732448547798,15,7.9,24.7,30,22.3
"261",9362,"9362y2013","Regensburg",1178,323,441,5,94,1014,1937,92,329,790,0,726,3629,323,5.3,80.7,140276,67035,73241,1738,67.0107502352505,14.1,10.7,32.2,25.1,17.9
"262",9363,"9363y2013","Weiden i.d.OPf.",406,106,134,6,20,225,872,28,127,441,0,276,1611,170,8,70.54,41726,19765,21961,592,47.9317451948425,15.2,8,24.5,29.5,22.8
"263",9371,"9371y2013","Amberg-Sulzbach",238,77,95,0,12,429,712,18,270,347,0,77,1885,221,3.7,1255.76,103074,51248,51826,82,11.6421211944816,16.7,8.3,23.1,32.1,19.8
"264",9372,"9372y2013","Cham",404,96,108,0,6,613,1469,29,397,761,0,282,2453,291,4,1520.16,125553,62483,63070,83,4.77885833074478,16.4,8.1,24.4,31.5,19.7
"265",9373,"9373y2013","Neumarkt i.d.OPf.",391,98,110,2,4,562,1609,40,447,759,0,363,1739,181,2.8,1344.12,127826,64011,63815,95,3.12925382942437,17.7,8.6,24.5,31.3,18
"266",9374,"9374y2013","Neustadt a.d.Waldnaab",329,96,114,2,7,404,853,32,293,381,0,147,2198,255,4.7,1427.67,95447,47339,48108,67,7.33391306169916,16.9,8.3,23.6,31.9,19.2
"267",9375,"9375y2013","Regensburg",438,92,118,4,13,759,1097,31,389,527,0,150,2709,294,2.9,1391.9,185980,92504,93476,134,6.98999892461555,17.6,7.9,24.9,31.8,17.8
"268",9376,"9376y2013","Schwandorf",510,145,172,1,18,703,1543,39,368,754,0,382,2783,342,4,1464.98,143060,71491,71569,98,12.5821333706137,16.4,8.2,24.6,31.2,19.5
"269",9377,"9377y2013","Tirschenreuth",182,37,54,2,9,329,715,27,184,400,0,104,1892,195,5.4,1084.23,73457,36343,37114,68,12.2520658344338,15.9,8.1,22.6,31.8,21.5
"270",9461,"9461y2013","Bamberg",536,146,182,5,24,449,1399,43,150,431,0,775,1937,173,5.8,54.62,71167,33421,37746,1303,33.7234954403024,14.1,10.8,27.9,26.7,20.5
"271",9462,"9462y2013","Bayreuth",459,168,216,9,25,218,1274,50,168,511,0,545,2332,182,7.1,66.9,71572,34364,37208,1070,34.9298608394344,13,13.7,25.6,26.4,21.3
"272",9463,"9463y2013","Coburg",387,94,132,12,21,278,862,46,77,427,0,312,1322,140,6.9,48.29,40994,19715,21279,849,51.2270088305606,14.4,8.6,24.4,29.6,23
"273",9464,"9464y2013","Hof",491,125,173,2,38,188,801,48,154,327,0,272,1572,125,7.9,58.03,44522,21080,23442,767,85.3510623961188,14.7,7.9,23.5,29.4,24.4
"274",9471,"9471y2013","Bamberg",449,154,173,3,8,670,911,28,344,539,0,0,2491,286,3.4,1167.84,144425,71904,72521,124,5.53920720096936,17.5,8.3,24.9,31.8,17.6
"275",9472,"9472y2013","Bayreuth",287,68,84,1,8,548,740,26,199,429,0,86,2178,218,4.2,1273.78,104637,51537,53100,82,7.64547913262039,16.5,7.6,23.2,31.9,20.8
"276",9473,"9473y2013","Coburg",294,82,108,8,11,343,509,29,233,147,0,100,2002,222,4.7,590.47,86719,42685,44034,147,12.6846481163298,15.7,7.5,22.6,32.3,22
"277",9474,"9474y2013","Forchheim",326,79,99,9,8,584,1213,38,231,596,0,348,2070,237,3.7,642.79,113424,55927,57497,176,7.05318098462407,17.2,8.1,23.7,32.2,18.9
"278",9475,"9475y2013","Hof",394,83,103,4,14,395,727,31,203,328,0,165,2268,236,5.1,892.52,97096,47063,50033,109,14.4187196176979,15.1,7.1,21,32.1,24.8
"279",9476,"9476y2013","Kronach",260,81,108,8,12,284,688,29,130,341,0,188,1697,166,5,651.53,68484,33604,34880,105,17.5223409847556,14.7,7,22.6,33,22.7
"280",9477,"9477y2013","Kulmbach",360,84,109,7,9,371,689,59,196,240,0,194,2010,186,5.6,658.34,72898,35570,37328,111,12.3460177233943,15.3,7.1,22.4,32.7,22.5
"281",9478,"9478y2013","Lichtenfels",355,93,130,12,22,304,765,43,135,424,0,163,1701,180,5.1,519.95,66644,32663,33981,128,33.0112238160975,15.7,7.9,23.1,31.9,21.4
"282",9479,"9479y2013","Wunsiedel i.Fichtelgebirge",372,77,93,1,11,326,921,51,181,445,0,244,2009,166,6,606.43,73783,35495,38288,122,14.9085832779909,14.2,7,20.6,32.4,25.9
"283",9561,"9561y2013","Ansbach",266,72,97,4,17,203,803,23,109,353,0,318,1075,138,5.5,99.91,39839,18895,20944,399,42.6717538090816,15.7,8.3,25,29.4,21.6
"284",9562,"9562y2013","Erlangen",626,186,228,5,30,436,1345,51,144,479,0,671,2487,209,4.7,76.95,105624,51877,53747,1373,28.402635764599,15.4,10.2,30.3,25.7,18.4
"285",9563,"9563y2013","Fürth",527,177,251,8,45,579,1260,99,264,533,0,364,4633,452,7.9,63.35,119808,58052,61756,1891,37.5600961538462,16,8,28.4,29.2,18.4
"286",9564,"9564y2013","Nürnberg",4218,1454,1914,25,359,2396,4792,360,1213,1791,0,1428,21302,2101,8.8,186.37,498876,240640,258236,2677,71.9617700590928,15,8.5,29,27,20.5
"287",9565,"9565y2013","Schwabach",140,33,40,2,3,171,664,31,96,290,0,247,969,108,5.2,40.82,39546,19126,20420,969,7.58610226065847,16.6,7.7,24.2,29.9,21.6
"288",9571,"9571y2013","Ansbach",537,146,186,8,21,879,1993,130,451,1041,0,371,3090,351,3.5,1971.84,178914,89141,89773,91,11.7374828129716,17.7,8.5,23.8,30.9,19.1
"289",9572,"9572y2013","Erlangen-Höchstadt",290,82,104,5,10,586,1367,33,311,509,0,514,1780,190,2.8,564.66,132012,65421,66591,234,7.57506893312729,17.6,7.6,24.2,31.6,19
"290",9573,"9573y2013","Fürth",215,71,87,0,13,497,894,19,182,340,0,353,2140,198,3.9,307.55,114513,55631,58882,372,11.3524228690192,16.4,7.1,23.3,31.7,21.4
"291",9574,"9574y2013","Nürnberger Land",534,160,197,2,26,843,1800,115,428,730,0,527,2771,315,3.5,799.57,165000,80818,84182,206,15.7575757575758,16.3,7.4,22.9,31.6,21.8
"292",9575,"9575y2013","Neustadt a.d.Aisch-Bad Windsheim",268,99,118,3,10,456,1208,61,196,664,0,287,1399,194,2.9,1267.55,97482,48296,49186,77,10.2583040971667,17.2,8.1,23.1,31.8,19.7
"293",9576,"9576y2013","Roth",304,91,116,1,17,629,1216,77,293,532,0,314,2115,233,3.5,895.39,123431,61021,62410,138,13.7728771540375,17.2,7.9,23.4,31.6,19.8
"294",9577,"9577y2013","Weißenburg-Gunzenhausen",351,84,106,1,12,470,1028,27,219,506,0,276,1692,191,3.8,970.91,92331,45817,46514,95,12.996718328622,16.9,8,23,31.3,20.9
"295",9661,"9661y2013","Aschaffenburg",592,153,199,2,36,345,1253,47,179,543,0,484,2410,235,7.3,62.47,67844,32509,35335,1086,53.0629090265904,15.6,7.7,26.9,29.9,19.9
"296",9662,"9662y2013","Schweinfurt",457,135,160,4,12,353,1322,66,199,560,5,492,1692,155,7.1,35.7,51851,24974,26877,1452,23.1432373531851,15.3,8.3,24.3,28.3,23.9
"297",9663,"9663y2013","Würzburg",931,293,354,2,47,516,2098,115,250,905,0,828,3274,238,5.4,87.63,124698,58690,66008,1423,37.6910616048373,12.2,13.2,29.9,24.9,20
"298",9671,"9671y2013","Aschaffenburg",408,84,111,6,15,678,1511,73,413,704,0,321,3183,375,3.8,699.15,172791,85792,86999,247,8.68100769137281,16.5,7.9,23.4,32.3,19.9
"299",9672,"9672y2013","Bad Kissingen",377,76,98,0,12,529,1105,19,297,489,0,300,2259,247,4.6,1136.96,102865,50217,52648,90,11.6657755310358,15.7,7.5,21.9,31.9,22.9
"300",9673,"9673y2013","Rhön-Grabfeld",297,78,85,1,5,334,1122,46,266,524,0,286,1414,179,3.7,1021.77,79965,39598,40367,78,6.25273557181267,17,8.1,22.5,32.1,20.3
"301",9674,"9674y2013","Haßberge",395,88,102,1,7,417,1071,34,254,542,0,241,1706,232,4,956.38,84090,42012,42078,88,8.32441431799263,16.9,8.2,23.4,32.5,19
"302",9675,"9675y2013","Kitzingen",270,74,93,3,15,456,1427,56,237,638,0,496,1579,181,3.7,684.19,88097,43821,44276,129,17.0266864932972,16.7,8.4,23.9,31.5,19.5
"303",9676,"9676y2013","Miltenberg",454,117,136,6,7,620,1393,46,410,637,0,300,2552,287,4.1,715.86,127909,63644,64265,179,5.47264070550157,17.2,8,23.7,31.3,19.7
"304",9677,"9677y2013","Main-Spessart",303,90,106,1,6,562,1471,36,287,769,0,379,2014,285,3.2,1321.42,126295,62782,63513,96,4.75078189952096,15.9,7.9,22.8,32.6,20.9
"305",9678,"9678y2013","Schweinfurt",324,60,75,1,7,410,553,32,276,245,0,0,1792,215,3.2,841.46,113007,56262,56745,134,6.19430654738202,16.5,8.1,22.8,32.2,20.4
"306",9679,"9679y2013","Würzburg",287,66,77,0,7,728,744,29,233,368,0,114,2520,264,3.2,968.4,158580,78529,80051,164,4.41417581031656,16.8,8,23.9,31.9,19.4
"307",9761,"9761y2013","Augsburg",2500,560,719,7,125,1201,3192,147,753,1248,0,1044,9429,868,7.3,146.84,276542,134549,141993,1883,45.2010906119143,15.1,9.5,29.2,26.2,20.2
"308",9762,"9762y2013","Kaufbeuren",319,81,101,3,8,268,764,39,151,351,0,223,1394,160,7,40.03,41759,20258,21501,1043,19.1575468761225,16.3,7.6,23.9,29.5,22.7
"309",9763,"9763y2013","Kempten (Allgäu)",592,149,181,7,19,311,1170,78,220,601,0,271,1668,161,5.5,63.28,65044,31905,33139,1028,29.2109956337249,15.2,9,25.9,27.5,22.3
"310",9764,"9764y2013","Memmingen",308,97,127,3,22,229,807,53,151,423,0,180,882,93,4.4,70.14,41772,20371,21401,596,52.6668581825146,16.5,8,25.1,28.8,21.6
"311",9771,"9771y2013","Aichach-Friedberg",292,93,112,3,10,648,1175,43,336,595,0,201,1840,208,2.9,780.33,128435,63741,64694,165,7.78603963094172,18.1,8,24.5,30.7,18.7
"312",9772,"9772y2013","Augsburg",824,185,218,2,19,1123,2344,134,679,1081,0,450,3732,429,3.2,1071.12,240911,119037,121874,225,7.88672995421546,17.6,8,23.8,30.8,19.7
"313",9773,"9773y2013","Dillingen a.d.Donau",332,75,90,1,8,430,1126,47,277,514,0,288,1368,145,2.9,792.22,93129,46180,46949,118,8.59023505030656,17.8,8.5,24.1,30.8,18.9
"314",9774,"9774y2013","Günzburg",422,129,153,0,17,556,1747,125,337,808,0,477,2075,241,3.5,762.44,120696,60320,60376,158,14.0849738185193,17.8,8.5,24.6,30.5,18.6
"315",9775,"9775y2013","Neu-Ulm",807,217,273,3,44,733,1647,106,423,766,0,352,3207,328,3.9,515.87,166643,82229,84414,323,26.4037493324052,17.3,8.1,25.6,29.4,19.5
"316",9776,"9776y2013","Lindau (Bodensee)",209,70,99,3,20,510,732,31,153,336,0,212,1233,144,3.4,323.44,78939,38653,40286,244,25.3360189513422,17.2,7.5,23.2,29.9,22.2
"317",9777,"9777y2013","Ostallgäu",435,109,128,1,9,766,1430,52,385,742,0,251,1970,246,3.1,1394.92,134771,66693,68078,97,6.67799452404449,18,8.1,23.5,30.1,20.3
"318",9778,"9778y2013","Unterallgäu",412,123,140,4,9,616,1420,39,328,717,0,336,1591,216,2.5,1230.06,137484,68733,68751,112,6.54621628698612,18,8.3,23.5,29.8,20.4
"319",9779,"9779y2013","Donau-Ries",465,96,114,2,11,637,1640,56,337,931,0,316,1543,160,2.4,1274.68,129422,65203,64219,102,8.49932778043918,17.8,8.3,24.8,30,19
"320",9780,"9780y2013","Oberallgäu",478,99,119,4,8,1036,1214,33,414,566,0,201,2525,285,3.6,1528.01,150478,73788,76690,98,5.31639176490916,16.8,7.8,23.1,30.5,21.8
"321",10041,"10041y2013","Regionalverband Saarbrücken",2274,879,1286,8,366,1412,3123,195,793,1031,55,1049,15895,1600,10.6,410.63,325978,158386,167592,794,112.277515660566,14.2,8.4,24.2,31.2,22
"322",10042,"10042y2013","Merzig-Wadern",364,114,163,3,33,483,927,50,286,341,15,235,2748,317,5.5,555.16,103135,50638,52497,186,31.9968972705677,15.6,7.2,22.9,33.6,20.7
"323",10043,"10043y2013","Neunkirchen",644,192,278,2,62,599,1350,73,415,504,25,333,5531,659,8.7,249.25,133222,64864,68358,534,46.5388599480566,13.8,7.4,22,33.5,23.2
"324",10044,"10044y2013","Saarlouis",939,301,399,1,80,954,2191,77,549,816,35,714,6773,800,7.2,459.03,195976,95367,100609,427,40.8213250602115,14.6,7.6,22.2,33.5,22.2
"325",10045,"10045y2013","Saarpfalz-Kreis",497,217,272,4,42,621,1410,63,324,549,10,464,4471,447,6.5,418.39,143851,69614,74237,344,29.1968773244538,14,7.7,21.7,33,23.5
"326",10046,"10046y2013","St. Wendel",272,82,100,1,12,433,1053,52,207,422,17,355,1964,161,4.5,476.23,88556,43540,45016,186,13.5507475495732,14.2,7.4,21.6,34.4,22.4
"327",12051,"12051y2013","Brandenburg an der Havel",415,94,147,1,42,277,529,39,92,199,0,199,4973,485,14.5,229.71,71032,34852,36180,309,59.1282802117356,12.5,5.8,24.1,31.2,26.5
"328",12052,"12052y2013","Cottbus",456,186,270,1,64,316,860,74,99,298,0,389,6330,581,13.2,165.15,99595,48907,50688,603,64.2602540288167,12.8,7.7,25.3,30.9,23.3
"329",12053,"12053y2013","Frankfurt (Oder)",286,108,169,2,54,200,487,33,49,203,0,202,4566,315,16,147.85,58018,27733,30285,392,93.0745630666345,12.9,7.1,23.7,32.8,23.6
"330",12054,"12054y2013","Potsdam",704,220,339,5,99,838,1558,65,190,446,0,857,6461,565,8.4,188.25,161468,77383,84085,858,61.3124581960512,16.1,7.1,30.6,26.7,19.4
"331",12060,"12060y2013","Barnim",659,225,299,6,60,879,1229,87,148,536,0,458,8957,849,10.6,1479.69,173754,85935,87819,117,34.5315791291136,14.7,4.8,23.4,35,22
"332",12061,"12061y2013","Dahme-Spreewald",540,171,254,4,68,741,1249,89,157,535,0,468,6235,450,8.1,2274.28,160793,79404,81389,71,42.2903982138526,14.6,5.1,23.3,33.9,23.1
"333",12062,"12062y2013","Elbe-Elster",370,127,170,4,29,342,741,64,114,325,0,238,7252,541,14,1899.57,106157,52428,53729,56,27.3180289571107,13,4.5,21.8,35.3,25.4
"334",12063,"12063y2013","Havelland",559,207,283,2,64,726,1260,92,199,440,0,529,7815,687,10.4,1727.3,153874,76018,77856,89,41.592471762611,16.2,5.3,22.5,34.7,21.2
"335",12064,"12064y2013","Märkisch-Oderland",603,202,288,5,68,1045,1207,105,173,560,0,369,9910,797,10.9,2158.65,187668,92972,94696,87,36.2342008227295,14.5,4.7,22.7,36.1,22
"336",12065,"12065y2013","Oberhavel",943,262,359,1,69,1079,1454,101,248,590,0,515,9925,732,9.9,1808.2,203012,99944,103068,112,33.9881386321991,15.8,5,23.3,34.5,21.4
"337",12066,"12066y2013","Oberspreewald-Lausitz",407,125,161,2,26,549,727,65,142,308,0,212,8623,656,15.5,1223.08,113842,55726,58116,93,22.8386711407038,12.7,4.7,21.9,34.1,26.5
"338",12067,"12067y2013","Oder-Spree",463,168,287,3,95,1235,1379,139,205,571,0,464,8689,732,10,2256.75,176850,87048,89802,78,53.717839977382,13.9,4.7,22.1,35.1,24.1
"339",12068,"12068y2013","Ostprignitz-Ruppin",472,153,201,3,36,559,746,65,175,269,0,237,5629,456,11.5,2526.56,98944,49145,49799,39,36.3842173350582,13.7,5,22.5,35.9,22.9
"340",12069,"12069y2013","Potsdam-Mittelmark",608,176,243,3,49,1088,1122,62,156,431,0,473,7592,611,7.6,2592,205520,101665,103855,79,23.841961852861,16.6,4.8,22.7,35.3,20.7
"341",12070,"12070y2013","Prignitz",445,84,121,2,27,332,518,63,62,221,0,172,5341,400,14.3,2138.59,77993,38513,39480,36,34.6184914030746,12.7,4.9,20.5,35.9,26
"342",12071,"12071y2013","Spree-Neiße",400,129,187,3,43,479,677,57,119,284,0,217,6901,415,11.6,1657.43,118899,58576,60323,72,36.1651485714766,12.9,4.3,20.9,37.1,24.7
"343",12072,"12072y2013","Teltow-Fläming",564,159,247,9,68,880,1185,112,158,493,0,422,6850,674,8.6,2104.2,160448,79653,80795,76,42.381332269645,15.2,5.3,24.1,33.9,21.5
"344",12073,"12073y2013","Uckermark",403,168,227,6,49,680,1016,120,159,443,0,294,10280,812,16.8,3076.9,121326,59519,61807,39,40.3870563605493,13.4,4.9,20.8,36.2,24.7
"345",13003,"13003y2013","Rostock",937,459,659,9,184,987,1241,162,104,437,0,538,12019,1200,12.6,181.26,203431,99559,103872,1122,90.4483584114516,12.7,9.1,28,27.3,22.8
"346",13004,"13004y2013","Schwerin",669,220,295,5,65,481,619,88,44,218,0,269,5665,535,12.8,130.52,91583,43536,48047,702,70.9738706965266,14,6.3,24.8,30.3,24.6
"347",13071,"13071y2013","Mecklenburgische Seenplatte",1005,316,403,3,79,1408,1811,196,173,835,0,607,19564,1695,15.2,5470.03,262412,128641,133771,48,30.1053305489078,14.1,5.1,22.5,35.4,22.9
"348",13072,"13072y2013","Landkreis Rostock",698,248,313,5,52,1396,1363,131,165,671,0,396,10358,969,10.3,3422.23,210555,104956,105599,62,24.6966350834699,15.1,4.6,22.7,36.3,21.3
"349",13073,"13073y2013","Vorpommern-Rügen",1155,328,421,4,66,2623,1414,138,227,699,0,350,15431,1378,14.5,3207.22,223109,109655,113454,70,29.5819532156928,13.7,5.2,22.5,34.6,23.9
"350",13074,"13074y2013","Nordwestmecklenburg",694,204,256,5,46,847,976,106,132,436,0,302,8332,773,10.9,2118.45,155265,77288,77977,73,29.6267671400509,15.2,5.5,24.3,33.8,21.3
"351",13075,"13075y2013","Vorpommern-Greifswald",973,396,527,6,118,1441,1473,180,186,684,0,423,17492,1490,15.7,3929.48,238185,116949,121236,61,49.5413229212587,13.8,6.6,23.6,33.8,22.4
"352",13076,"13076y2013","Ludwigslust-Parchim",737,299,390,3,77,1086,1469,154,148,724,0,443,10090,950,9.5,4751.86,211965,105749,106216,45,36.3267520581228,14.7,5,23,36.2,21.2
"353",14511,"14511y2013","Chemnitz",900,350,480,5,122,817,1301,169,159,551,0,422,12612,1057,11.5,220.86,242022,117495,124527,1096,50.4086405368107,13.3,6.6,24.8,28.5,26.8
"354",14521,"14521y2013","Erzgebirgskreis",727,228,302,3,63,1356,2420,200,211,1453,0,556,16600,1165,9.8,1828.43,351309,171418,179891,192,17.9329308386634,14.3,4.7,22.3,33.4,25.4
"355",14522,"14522y2013","Mittelsachsen",792,248,332,4,75,1476,2159,218,234,1114,0,593,14482,1153,9.5,2113.4,314591,155331,159260,149,23.8404785896609,14,5.3,22.6,32.3,25.8
"356",14523,"14523y2013","Vogtlandkreis",696,168,238,6,54,974,1454,129,178,746,0,401,10161,772,9.4,1411.9,233970,113382,120588,166,23.0798820361585,13.3,4.7,21.9,32.7,27.3
"357",14524,"14524y2013","Zwickau",1069,361,504,5,129,1406,2326,221,156,1223,0,726,14206,1110,9.3,949.27,327062,158462,168600,345,39.4420629727697,13.5,5.1,22.2,32.4,26.9
"358",14612,"14612y2013","Dresden",2014,709,1065,11,321,1998,2843,244,246,1301,0,1052,24239,2217,9.9,328.31,530754,261664,269090,1617,60.4799963825049,15.2,9,30.3,24,21.5
"359",14625,"14625y2013","Bautzen",1017,236,346,3,98,1283,2198,197,248,1119,0,634,15575,1048,10.4,2390.74,308350,151839,156511,129,31.7820658342792,14.8,4.6,22.5,32.9,25.3
"360",14626,"14626y2013","Görlitz",1195,312,479,7,153,1123,1914,223,235,1012,0,444,16004,990,13.2,2106.3,262168,127915,134253,124,58.3595251899545,13.9,4.8,21,33,27.4
"361",14627,"14627y2013","Meißen",636,172,243,4,60,1394,1721,145,179,961,0,436,12063,898,10.3,1452.39,243716,119570,124146,168,24.6188186249569,14.8,4.6,22.8,32.3,25.5
"362",14628,"14628y2013","Sächsische Schweiz-Osterzgebirge",636,157,234,3,68,1455,1603,164,136,910,0,393,11034,875,9.6,1653.7,245939,121119,124820,149,27.6491325084675,15.1,4.7,23,31.7,25.5
"363",14713,"14713y2013","Leipzig",2616,1053,1615,16,523,1547,2865,412,328,1135,0,990,29716,2871,12.3,297.39,531562,257414,274148,1787,98.3892753808587,14.3,8.3,31,24.9,21.5
"364",14729,"14729y2013","Leipzig",875,210,291,7,64,1638,1541,134,168,837,0,402,12188,1015,9.7,1647.12,257596,126061,131535,156,24.8451062904703,14.5,4.7,22.5,33.8,24.5
"365",14730,"14730y2013","Nordsachsen",710,186,266,2,74,856,1308,143,152,715,0,298,11749,948,12,2020.35,197346,97518,99828,98,37.4975930599049,14.2,4.8,23,34.3,23.8
"366",15001,"15001y2013","Dessau-Roßlau",453,190,281,5,78,316,492,58,34,243,0,157,5044,423,12.9,244.74,83616,40428,43188,342,93.2835820895522,12.1,5.2,21.5,32.3,28.9
"367",15002,"15002y2013","Halle (Saale)",1807,620,909,12,249,754,1506,159,172,633,0,542,13682,1162,13.2,135.01,231565,110632,120933,1715,107.52920346339,13.7,9.3,26.9,26.7,23.4
"368",15003,"15003y2013","Magdeburg",1336,485,800,11,274,881,1354,131,108,625,0,490,13769,1334,12.5,201,231021,112495,118526,1149,118.603936438679,13.3,8.6,26.6,27.9,23.6
"369",15081,"15081y2013","Altmarkkreis Salzwedel",339,138,175,0,29,448,611,68,65,327,0,151,4385,435,9.9,2293.05,86312,43061,43251,38,33.5990360552414,14.7,5.3,22.9,34.8,22.3
"370",15082,"15082y2013","Anhalt-Bitterfeld",695,237,323,9,62,711,963,118,110,498,0,237,10394,899,12.3,1453.51,166828,81533,85295,115,37.1640252235836,12.8,5.3,22.2,34.1,25.5
"371",15083,"15083y2013","Börde",665,209,272,8,41,786,1091,82,91,649,0,269,8385,738,9.3,2366.64,172955,86004,86951,73,23.7055881587696,14.5,5.1,23.9,35.1,21.4
"372",15084,"15084y2013","Burgenlandkreis",842,236,342,8,87,793,1155,119,84,547,0,405,11831,990,13.2,1413.69,184956,90995,93961,131,47.0382144942581,12.9,4.8,22.2,34,26.1
"373",15085,"15085y2013","Harz",814,312,431,5,91,1311,1497,123,123,830,0,421,10495,754,9.6,2104.55,221043,107757,113286,105,41.1684604352999,13.2,5.1,22.1,33.8,25.8
"374",15086,"15086y2013","Jerichower Land",374,125,161,1,29,529,589,73,47,336,0,133,4961,348,11,1576.77,91721,45624,46097,58,31.6176230089074,13.7,4.8,22.5,35.3,23.7
"375",15087,"15087y2013","Mansfeld-Südharz",871,185,237,1,40,593,817,130,80,427,0,180,10193,807,15.3,1448.82,143246,70402,72844,99,27.923990896779,12.7,4.7,21.3,34.5,26.9
"376",15088,"15088y2013","Saalekreis",952,219,322,4,87,961,1065,107,81,661,0,216,10208,963,10.6,1433.66,187690,92599,95091,131,46.3530289306836,13.8,5.1,23.3,34.4,23.3
"377",15089,"15089y2013","Salzlandkreis",929,275,380,13,78,844,1320,139,149,728,0,304,12795,727,13.2,1426.68,198715,96699,102016,139,39.2521953551569,13,5.2,22,33.8,26
"378",15090,"15090y2013","Stendal",558,177,236,2,44,564,871,101,88,476,0,206,8445,698,14.9,2423.15,115471,56882,58589,48,38.104805535589,14.1,5.5,22.1,35.2,23.1
"379",15091,"15091y2013","Wittenberg",539,181,249,0,54,592,791,71,72,469,0,179,7546,611,12,1930.3,129438,63457,65981,67,41.7188151856487,12.8,4.8,21.3,35,26.1
"380",16051,"16051y2013","Erfurt",1732,548,716,6,142,851,1274,119,164,485,0,506,9136,620,9.5,269.15,204880,98751,106129,761,69.3088637251074,14.5,7.9,27.8,28.6,21.2
"381",16052,"16052y2013","Gera",778,229,282,1,49,341,532,48,104,200,0,180,5861,427,13.2,151.92,94977,45497,49480,625,51.5914379270771,12.4,5.5,22.5,32.8,26.8
"382",16053,"16053y2013","Jena",484,167,210,3,29,397,665,35,58,202,0,370,3771,269,7.7,114.48,107679,53190,54489,941,26.9318994418596,13.6,11,31.2,23.8,20.3
"383",16054,"16054y2013","Suhl",218,89,108,0,13,146,191,17,49,85,0,40,1430,124,8.3,102.71,35665,17212,18453,347,36.450301415954,11.2,4.7,20.3,35.1,28.7
"384",16055,"16055y2013","Weimar",411,129,174,1,35,356,497,39,59,178,0,221,2644,210,9.5,84.19,63315,30402,32913,752,55.2791597567717,15.4,8.2,27.6,27.1,21.7
"385",16056,"16056y2013","Eisenach",281,93,124,3,25,240,314,36,36,121,0,121,2049,169,10.5,103.84,41567,20118,21449,400,60.1438641229822,13.9,5.5,25.1,30.2,25.3
"386",16061,"16061y2013","Eichsfeld",261,73,90,4,9,471,835,52,93,399,0,291,3469,280,6.8,940.13,100951,50650,50301,107,8.91521629305307,16,5.8,25.1,31.9,21.1
"387",16062,"16062y2013","Nordhausen",323,111,144,3,23,373,643,75,130,287,0,151,4638,362,11.6,711.02,85380,42138,43242,120,26.9383930662919,13.8,6,23.1,32.3,24.7
"388",16063,"16063y2013","Wartburgkreis",335,104,123,0,11,600,836,38,115,454,0,229,4418,361,6.9,1304.87,126283,63070,63213,97,8.71059445847818,14,5.1,24,33.9,23
"389",16064,"16064y2013","Unstrut-Hainich-Kreis",427,142,207,2,51,468,821,83,105,362,0,271,6288,503,12.3,975.56,104245,51406,52839,107,48.9232097462708,15,5.5,23.5,33,23
"390",16065,"16065y2013","Kyffhäuserkreis",324,97,127,4,17,359,540,64,95,241,0,140,4686,306,12.8,1035.19,77656,38431,39225,75,21.8914185639229,13.4,5,22.1,34.8,24.7
"391",16066,"16066y2013","Schmalkalden-Meiningen",509,117,162,1,34,587,856,87,130,446,0,193,4434,316,7.1,1210.13,125574,62616,62958,104,27.0756685301097,13.2,5.5,23.5,33.9,23.9
"392",16067,"16067y2013","Gotha",558,160,213,2,43,621,949,60,149,393,0,347,5761,447,8.7,935.62,135155,66902,68253,144,31.8153231474973,14.5,5.1,23.8,33.1,23.4
"393",16068,"16068y2013","Sömmerda",301,83,103,0,13,276,492,45,93,251,0,103,3820,285,10.7,804.21,70833,35281,35552,88,18.353027543659,14.5,5,24.1,34.7,21.7
"394",16069,"16069y2013","Hildburghausen",249,44,61,2,11,256,531,29,106,302,0,94,2085,157,6.2,937.27,65032,32383,32649,69,16.914749661705,13.8,5.2,24.5,34.2,22.3
"395",16070,"16070y2013","Ilm-Kreis",539,186,249,0,56,468,722,61,88,376,0,197,4737,363,9,843.14,108958,54387,54571,129,51.3959507333101,13.5,6.4,24,32.3,23.8
"396",16071,"16071y2013","Weimarer Land",345,103,140,1,31,424,536,39,67,315,0,115,3174,243,7.7,803.04,81704,40414,41290,102,37.9418388328601,15.5,4.7,24,34.7,21.1
"397",16072,"16072y2013","Sonneberg",267,86,106,0,17,214,360,34,44,177,0,105,1428,143,5,433.48,57252,28002,29250,132,29.693285824076,12.7,4.7,23,34.2,25.5
"398",16073,"16073y2013","Saalfeld-Rudolstadt",725,184,213,2,18,539,729,72,125,336,0,196,4892,393,9.1,1034.63,110307,54020,56287,107,16.3180940466154,12.9,4.6,22,33.7,26.7
"399",16074,"16074y2013","Saale-Holzland-Kreis",351,78,98,2,13,368,528,32,69,306,0,121,3390,249,8.1,816.97,84001,41645,42356,103,15.476006238021,14.3,4.9,23.2,34.3,23.2
"400",16075,"16075y2013","Saale-Orla-Kreis",507,96,114,0,13,369,601,39,96,304,0,162,3421,278,8.2,1148.39,83654,41176,42478,73,15.5402013053769,13.9,4.9,22.7,34.1,24.3
"401",16076,"16076y2013","Greiz",377,104,128,2,17,431,762,41,124,404,0,193,4740,280,9.7,843.54,102167,50178,51989,121,16.6394236886666,13.1,4.4,21.1,35.2,26.2
