"","district","Year","DistrictName","GraduatesTotal","GraduatesTotalFemale","GraduatesWithHouthDegreeTotal","GraduatesWithouthDegreeFemale","GraduatesWithHauptschulDegreeTotal","GraduatesWithHauptschulDegreeFemale","GraduatesWithRealschulDegreeTotal","GraduatesWithRealschulDegreeFemale","GraduatesWithFachhochschulDegreeTotal","GraduatesWithFachhochschulDegreeFemale","GraduatesWithHochschulreifeDegreeTotal","GraduatesWithHochschulreifeDegreeFemale","district_year","year","bodily harm","dangerous bodily harm","violent crime","murder and manslaughter","robbery"
"1",2,2013,"  Hamburg",13874,6899,697,302,1425,582,3625,1698,61,27,8066,4290,"2y2013",2013,14703,5406,8665,56,3046
"2",11,2013,"  Berlin",29211,14439,2115,906,5100,2255,9825,4791,0,0,12171,6487,"11y2013",2013,28924,10340,17275,106,6222
"3",1001,2013,"      Flensburg, Kreisfreie Stadt",1282,674,97,47,226,108,373,186,41,22,545,311,"1001y2013",2013,651,223,329,0,97
"4",1002,2013,"      Kiel, Landeshauptstadt, Kreisfreie Stadt",2186,1086,168,77,399,154,645,321,68,39,906,495,"1002y2013",2013,1948,640,937,5,258
"5",1003,2013,"      Lübeck, Hansestadt, Kreisfreie Stadt",2100,1021,180,83,549,229,667,331,60,32,644,346,"1003y2013",2013,1926,658,948,3,255
"6",1004,2013,"      Neumünster, Kreisfreie Stadt",1087,534,96,34,173,76,386,176,33,14,399,234,"1004y2013",2013,860,226,318,1,75
"7",1051,2013,"      Dithmarschen, Landkreis",1553,735,133,49,357,151,687,332,21,9,355,194,"1051y2013",2013,596,126,194,0,58
"8",1053,2013,"      Herzogtum Lauenburg, Landkreis",1809,877,155,66,393,153,702,356,52,33,507,269,"1053y2013",2013,813,222,307,3,66
"9",1054,2013,"      Nordfriesland, Landkreis",1979,955,142,50,461,176,907,479,27,16,442,234,"1054y2013",2013,874,215,288,3,54
"10",1055,2013,"      Ostholstein, Landkreis",2148,1010,186,53,488,216,848,430,51,28,575,283,"1055y2013",2013,904,245,324,6,52
"11",1056,2013,"      Pinneberg, Landkreis",3316,1594,215,103,598,242,1243,604,100,52,1160,593,"1056y2013",2013,1551,433,592,6,127
"12",1057,2013,"      Plön, Landkreis",1151,552,93,43,247,103,525,252,20,13,266,141,"1057y2013",2013,514,123,152,0,20
"13",1058,2013,"      Rendsburg-Eckernförde, Landkreis",2717,1308,220,89,660,253,1052,527,64,42,721,397,"1058y2013",2013,1100,338,459,4,78
"14",1059,2013,"      Schleswig-Flensburg, Landkreis",1935,933,165,68,473,201,821,395,14,7,462,262,"1059y2013",2013,704,167,228,6,36
"15",1060,2013,"      Segeberg, Landkreis",2729,1278,196,65,589,255,1102,507,59,35,783,416,"1060y2013",2013,1026,249,388,4,105
"16",1061,2013,"      Steinburg, Landkreis",1348,655,95,37,345,148,526,270,19,14,363,186,"1061y2013",2013,550,139,227,1,69
"17",1062,2013,"      Stormarn, Landkreis",2204,1083,96,38,287,111,758,366,65,33,998,535,"1062y2013",2013,831,204,297,5,70
"18",3101,2013,"      Braunschweig, Kreisfreie Stadt",2578,1249,151,66,274,119,875,393,85,46,1193,625,"3101y2013",2013,1772,750,997,10,202
"19",3102,2013,"      Salzgitter, Kreisfreie Stadt",1114,485,37,12,185,64,649,283,15,9,228,117,"3102y2013",2013,466,171,227,3,41
"20",3103,2013,"      Wolfsburg, Kreisfreie Stadt",1519,750,61,27,169,80,649,304,61,36,579,303,"3103y2013",2013,577,162,255,7,73
"21",3151,2013,"      Gifhorn, Landkreis",1722,804,81,21,208,70,969,445,20,11,444,257,"3151y2013",2013,686,219,285,4,42
"22",3152,2013,"      Göttingen, Landkreis",2485,1226,106,43,256,107,926,415,163,79,1034,582,"3152y2013",2013,1349,454,592,8,109
"23",3153,2013,"      Goslar, Landkreis",1376,636,80,30,185,67,716,330,20,11,375,198,"3153y2013",2013,739,242,340,5,70
"24",3154,2013,"      Helmstedt, Landkreis",901,432,54,19,114,41,429,207,21,13,283,152,"3154y2013",2013,385,152,187,2,22
"25",3155,2013,"      Northeim, Landkreis",1482,706,64,25,214,84,687,334,21,13,496,250,"3155y2013",2013,540,184,238,3,39
"26",3156,2013,"      Osterode am Harz, Landkreis",703,333,27,12,115,51,380,187,10,7,171,76,"3156y2013",2013,291,84,113,1,19
"27",3157,2013,"      Peine, Landkreis",1396,698,59,19,167,83,686,326,44,20,440,250,"3157y2013",2013,397,152,187,5,18
"28",3158,2013,"      Wolfenbüttel, Landkreis",1126,541,45,17,122,53,604,285,11,8,344,178,"3158y2013",2013,366,116,158,6,24
"29",3241,2013,"      Region Hannover, Landkreis",11202,5395,544,214,1396,597,4613,2155,291,144,4358,2285,"3241y2013",2013,7429,2719,3701,31,801
"30",3251,2013,"      Diepholz, Landkreis",2361,1142,83,34,313,122,1252,596,51,27,662,363,"3251y2013",2013,775,231,354,8,90
"31",3252,2013,"      Hameln-Pyrmont, Landkreis",1568,767,112,52,255,113,732,368,19,12,450,222,"3252y2013",2013,714,293,371,8,53
"32",3254,2013,"      Hildesheim, Landkreis",3191,1463,181,74,415,139,1440,656,57,23,1098,571,"3254y2013",2013,1393,434,579,7,104
"33",3255,2013,"      Holzminden, Landkreis",692,328,50,20,122,46,381,190,8,4,131,68,"3255y2013",2013,291,111,136,3,17
"34",3256,2013,"      Nienburg (Weser), Landkreis",1570,724,78,23,228,77,733,332,126,71,405,221,"3256y2013",2013,388,143,230,9,65
"35",3257,2013,"      Schaumburg, Landkreis",1675,859,62,24,186,77,731,365,58,31,638,362,"3257y2013",2013,534,189,272,3,65
"36",3351,2013,"      Celle, Landkreis",1984,977,114,45,358,162,1034,508,21,9,457,253,"3351y2013",2013,919,312,423,13,69
"37",3352,2013,"      Cuxhaven, Landkreis",1997,943,143,54,305,126,1104,539,14,6,431,218,"3352y2013",2013,744,330,449,5,92
"38",3353,2013,"      Harburg, Landkreis",2543,1253,73,29,284,117,1335,632,17,4,834,471,"3353y2013",2013,879,238,355,9,84
"39",3354,2013,"      Lüchow-Dannenberg, Landkreis",528,286,28,11,95,43,264,126,8,6,133,100,"3354y2013",2013,170,63,85,3,12
"40",3355,2013,"      Lüneburg, Landkreis",1910,983,76,32,229,97,880,410,55,26,670,418,"3355y2013",2013,1018,331,440,3,92
"41",3356,2013,"      Osterholz, Landkreis",1253,588,75,24,210,92,577,270,11,6,380,196,"3356y2013",2013,392,153,218,5,50
"42",3357,2013,"      Rotenburg (Wümme), Landkreis",2002,995,95,38,279,120,1080,520,30,14,518,303,"3357y2013",2013,848,347,472,12,82
"43",3358,2013,"      Heidekreis, Landkreis",1689,826,128,55,290,110,815,393,30,18,426,250,"3358y2013",2013,828,268,353,8,51
"44",3359,2013,"      Stade, Landkreis",2206,1098,112,42,310,120,1157,588,40,23,587,325,"3359y2013",2013,710,231,367,6,112
"45",3360,2013,"      Uelzen, Landkreis",1050,541,35,11,141,59,563,277,40,25,271,169,"3360y2013",2013,312,96,145,2,35
"46",3361,2013,"      Verden, Landkreis",1537,775,74,32,183,79,819,417,9,5,452,242,"3361y2013",2013,544,171,260,9,53
"47",3401,2013,"      Delmenhorst, Kreisfreie Stadt",868,450,59,25,163,77,398,193,20,12,228,143,"3401y2013",2013,428,156,248,0,82
"48",3402,2013,"      Emden, Kreisfreie Stadt",567,267,53,24,65,23,278,143,8,2,163,75,"3402y2013",2013,380,153,195,0,32
"49",3403,2013,"      Oldenburg (Oldenburg), Kreisfreie Stadt",1906,981,114,49,206,97,685,347,76,37,825,451,"3403y2013",2013,807,279,439,5,134
"50",3404,2013,"      Osnabrück, Kreisfreie Stadt",2114,1066,98,43,166,72,871,399,86,45,893,507,"3404y2013",2013,1032,556,816,5,219
"51",3405,2013,"      Wilhelmshaven, Kreisfreie Stadt",827,410,47,17,138,56,347,174,15,9,280,154,"3405y2013",2013,617,275,369,3,72
"52",3451,2013,"      Ammerland, Landkreis",1351,701,36,13,229,92,727,382,28,14,331,200,"3451y2013",2013,323,100,140,4,25
"53",3452,2013,"      Aurich, Landkreis",2436,1201,200,70,396,172,1240,631,92,62,508,266,"3452y2013",2013,979,390,467,3,56
"54",3453,2013,"      Cloppenburg, Landkreis",2185,1118,104,39,454,188,1249,663,16,15,362,213,"3453y2013",2013,684,193,249,0,38
"55",3454,2013,"      Emsland, Landkreis",3981,2006,186,69,620,250,2192,1113,29,17,954,557,"3454y2013",2013,1434,509,647,7,100
"56",3455,2013,"      Friesland, Landkreis",1070,506,38,11,190,67,618,312,10,3,214,113,"3455y2013",2013,523,144,189,5,30
"57",3456,2013,"      Grafschaft Bentheim, Landkreis",1705,849,117,52,269,108,892,432,70,35,357,222,"3456y2013",2013,469,171,225,2,45
"58",3457,2013,"      Leer, Landkreis",1870,940,140,57,402,176,959,500,22,12,347,195,"3457y2013",2013,635,193,263,3,52
"59",3458,2013,"      Oldenburg, Landkreis",1199,588,51,20,216,94,772,381,13,8,147,85,"3458y2013",2013,432,141,177,3,26
"60",3459,2013,"      Osnabrück, Landkreis",3466,1660,143,59,484,188,2056,987,63,33,720,393,"3459y2013",2013,902,291,455,7,118
"61",3460,2013,"      Vechta, Landkreis",1783,903,81,35,228,91,934,469,34,19,506,289,"3460y2013",2013,494,224,312,5,69
"62",3461,2013,"      Wesermarsch, Landkreis",1068,517,44,13,166,68,573,284,11,5,274,147,"3461y2013",2013,342,132,177,3,31
"63",3462,2013,"      Wittmund, Landkreis",704,330,33,15,132,51,334,165,14,7,191,92,"3462y2013",2013,246,79,97,1,8
"64",4011,2013,"      Bremen, Kreisfreie Stadt",5770,2732,352,143,1192,497,2060,978,0,0,2166,1114,"4011y2013",2013,3979,1529,2639,14,1018
"65",4012,2013,"      Bremerhaven, Kreisfreie Stadt",1563,743,97,41,300,125,560,270,0,0,606,307,"4012y2013",2013,981,334,588,7,223
"66",5111,2013,"      Düsseldorf, Kreisfreie Stadt",6837,3614,342,144,813,358,2166,1094,0,0,3516,2018,"5111y2013",2013,3894,1463,2609,12,1023
"67",5112,2013,"      Duisburg, Kreisfreie Stadt",6065,3081,343,142,967,430,2055,1031,1,0,2699,1478,"5112y2013",2013,2835,1160,1879,22,638
"68",5113,2013,"      Essen, Kreisfreie Stadt",7537,3882,437,197,859,362,2388,1134,1,0,3852,2189,"5113y2013",2013,2595,1136,1924,11,699
"69",5114,2013,"      Krefeld, Kreisfreie Stadt",3479,1748,196,89,584,264,1164,540,0,0,1535,855,"5114y2013",2013,1562,460,733,2,239
"70",5116,2013,"      Mönchengladbach, Kreisfreie Stadt",3913,1975,277,119,758,329,1098,558,0,0,1780,969,"5116y2013",2013,1269,575,853,8,234
"71",5117,2013,"      Mülheim an der Ruhr, Kreisfreie Stadt",2140,1094,72,33,218,96,678,335,0,0,1172,630,"5117y2013",2013,599,242,389,4,126
"72",5119,2013,"      Oberhausen, Kreisfreie Stadt",2599,1234,121,45,448,191,869,396,3,2,1158,600,"5119y2013",2013,1181,370,581,4,187
"73",5120,2013,"      Remscheid, Kreisfreie Stadt",1706,856,48,17,291,139,613,279,0,0,754,421,"5120y2013",2013,661,173,249,1,66
"74",5122,2013,"      Solingen, Kreisfreie Stadt",2050,1024,91,30,307,120,657,309,0,0,995,565,"5122y2013",2013,725,248,368,3,108
"75",5124,2013,"      Wuppertal, Kreisfreie Stadt",4637,2331,225,91,695,292,1547,729,4,0,2166,1219,"5124y2013",2013,2470,650,1152,6,451
"76",5154,2013,"      Kleve, Kreis",4265,2169,234,91,646,283,1691,874,0,0,1694,921,"5154y2013",2013,1097,345,515,6,148
"77",5158,2013,"      Mettmann, Kreis",6445,3252,285,108,883,379,2481,1269,0,0,2796,1496,"5158y2013",2013,2037,687,945,10,219
"78",5162,2013,"      Rhein-Kreis Neuss",6502,3272,222,92,770,339,2225,1069,0,0,3285,1772,"5162y2013",2013,1657,478,748,2,224
"79",5166,2013,"      Viersen, Kreis",4794,2431,208,79,559,247,1670,828,2,1,2355,1276,"5166y2013",2013,943,287,425,6,114
"80",5170,2013,"      Wesel, Kreis",6606,3355,283,115,900,382,2402,1197,0,0,3021,1661,"5170y2013",2013,2085,672,980,2,286
"81",5314,2013,"      Bonn, Kreisfreie Stadt",5448,2723,153,72,528,230,1668,764,5,0,3094,1657,"5314y2013",2013,1749,679,1185,0,457
"82",5315,2013,"      Köln, Kreisfreie Stadt",11805,6097,504,231,1736,790,3922,1931,6,2,5637,3143,"5315y2013",2013,8615,3488,5574,35,1851
"83",5316,2013,"      Leverkusen, Kreisfreie Stadt",2350,1164,135,47,256,100,767,380,0,0,1192,637,"5316y2013",2013,967,371,552,4,161
"84",5334,2013,"      Städteregion Aachen (einschl. Stadt Aachen)",7422,3752,273,115,977,416,2338,1108,0,0,3834,2113,"5334y2013",2013,2987,1321,2058,20,649
"85",5358,2013,"      Düren, Kreis",3857,1970,146,62,568,244,1419,732,0,0,1724,932,"5358y2013",2013,1297,443,665,7,189
"86",5362,2013,"      Rhein-Erft-Kreis",6171,3119,212,76,804,330,2232,1090,0,0,2923,1623,"5362y2013",2013,2166,643,1052,13,340
"87",5366,2013,"      Euskirchen, Kreis",3158,1572,102,39,464,190,1138,555,0,0,1454,788,"5366y2013",2013,649,254,345,2,81
"88",5370,2013,"      Heinsberg, Kreis",3834,1938,164,70,518,213,1416,691,0,0,1736,964,"5370y2013",2013,1095,344,503,5,125
"89",5374,2013,"      Oberbergischer Kreis",4516,2330,167,77,568,249,1795,901,0,0,1986,1103,"5374y2013",2013,964,328,464,6,101
"90",5378,2013,"      Rheinisch-Bergischer Kreis",3791,1945,101,37,402,171,1337,655,0,0,1951,1082,"5378y2013",2013,904,248,360,1,90
"91",5382,2013,"      Rhein-Sieg-Kreis",8222,4180,373,150,988,387,2751,1325,2,2,4108,2316,"5382y2013",2013,1752,662,1036,10,313
"92",5512,2013,"      Bottrop, Kreisfreie Stadt",1399,655,63,22,180,75,486,218,0,0,670,340,"5512y2013",2013,471,190,273,4,71
"93",5513,2013,"      Gelsenkirchen, Kreisfreie Stadt",3733,1849,316,138,732,335,1309,611,0,0,1376,765,"5513y2013",2013,1737,613,1025,8,376
"94",5515,2013,"      Münster, Kreisfreie Stadt",4446,2353,165,83,417,201,1211,552,25,9,2628,1508,"5515y2013",2013,1587,559,833,1,243
"95",5554,2013,"      Borken, Kreis",6273,3117,252,96,838,311,2755,1389,0,0,2428,1321,"5554y2013",2013,1453,395,563,3,142
"96",5558,2013,"      Coesfeld, Kreis",3477,1746,93,42,414,168,1428,680,0,0,1542,856,"5558y2013",2013,786,204,295,1,74
"97",5562,2013,"      Recklinghausen, Kreis",8622,4374,440,190,1229,526,3280,1623,0,0,3673,2035,"5562y2013",2013,2858,966,1505,11,452
"98",5566,2013,"      Steinfurt, Kreis",7323,3620,257,96,1119,472,2894,1372,0,0,3053,1680,"5566y2013",2013,1572,429,598,1,141
"99",5570,2013,"      Warendorf, Kreis",4429,2238,130,50,596,222,1784,882,0,0,1919,1084,"5570y2013",2013,939,229,335,2,78
"100",5711,2013,"      Bielefeld, Kreisfreie Stadt",5124,2581,219,89,618,292,1844,909,7,2,2436,1289,"5711y2013",2013,1648,474,724,3,200
"101",5754,2013,"      Gütersloh, Kreis",5683,2886,193,74,763,315,2228,1116,0,0,2499,1381,"5754y2013",2013,1068,364,533,8,139
"102",5758,2013,"      Herford, Kreis",4044,2067,159,69,394,172,1526,744,0,0,1965,1082,"5758y2013",2013,823,241,382,5,115
"103",5762,2013,"      Höxter, Kreis",2856,1510,112,33,307,135,1060,538,0,0,1377,804,"5762y2013",2013,561,185,218,2,24
"104",5766,2013,"      Lippe, Kreis",5241,2665,202,83,746,319,2126,1044,0,0,2167,1219,"5766y2013",2013,828,408,574,10,124
"105",5770,2013,"      Minden-Lübbecke, Kreis",5282,2718,202,90,646,259,1981,961,1,0,2452,1408,"5770y2013",2013,810,302,470,7,138
"106",5774,2013,"      Paderborn, Kreis",4770,2452,139,49,772,308,1930,991,5,2,1924,1102,"5774y2013",2013,1086,412,566,3,120
"107",5911,2013,"      Bochum, Kreisfreie Stadt",4819,2338,191,90,656,305,1741,803,4,4,2227,1136,"5911y2013",2013,2466,872,1337,9,417
"108",5913,2013,"      Dortmund, Kreisfreie Stadt",7321,3751,460,182,1044,461,2605,1272,8,5,3204,1831,"5913y2013",2013,3975,1935,3257,19,1221
"109",5914,2013,"      Hagen, Kreisfreie Stadt",2871,1495,106,40,398,169,1066,524,1,1,1300,761,"5914y2013",2013,1010,320,553,2,212
"110",5915,2013,"      Hamm, Kreisfreie Stadt",2741,1377,152,60,472,190,1137,596,0,0,980,531,"5915y2013",2013,793,297,455,4,120
"111",5916,2013,"      Herne, Kreisfreie Stadt",2127,1065,125,49,326,148,754,369,0,0,922,499,"5916y2013",2013,1015,246,409,3,146
"112",5954,2013,"      Ennepe-Ruhr-Kreis",4269,2174,184,73,481,207,1564,762,0,0,2040,1132,"5954y2013",2013,1328,395,589,4,173
"113",5958,2013,"      Hochsauerlandkreis",4254,2106,162,64,603,223,1681,816,0,0,1808,1003,"5958y2013",2013,949,232,358,9,89
"114",5962,2013,"      Märkischer Kreis",6072,3139,384,151,872,372,2305,1143,0,0,2511,1473,"5962y2013",2013,2117,583,875,14,234
"115",5966,2013,"      Olpe, Kreis",2308,1141,126,44,347,132,806,386,0,0,1029,579,"5966y2013",2013,560,170,209,1,33
"116",5970,2013,"      Siegen-Wittgenstein, Kreis",4709,2361,153,61,556,215,1806,897,24,15,2170,1173,"5970y2013",2013,1112,381,483,1,81
"117",5974,2013,"      Soest, Kreis",4842,2521,174,54,584,258,1783,879,1,1,2300,1329,"5974y2013",2013,1245,372,521,4,118
"118",5978,2013,"      Unna, Kreis",6056,3073,317,117,831,365,2030,975,0,0,2878,1616,"5978y2013",2013,1676,556,872,5,272
"119",6411,2013,"      Darmstadt, Kreisfreie Stadt",2397,1220,56,25,191,71,711,353,57,26,1382,745,"6411y2013",2013,574,315,438,1,109
"120",6412,2013,"      Frankfurt am Main, Kreisfreie Stadt",6153,3026,299,139,768,314,2526,1207,64,28,2496,1338,"6412y2013",2013,3914,2176,3315,34,1016
"121",6413,2013,"      Offenbach am Main, Kreisfreie Stadt",1506,824,94,36,309,141,519,280,23,9,561,358,"6413y2013",2013,568,314,558,8,210
"122",6414,2013,"      Wiesbaden, Landeshauptstadt, Kreisfreie Stadt",3110,1561,180,80,382,161,1273,618,40,22,1235,680,"6414y2013",2013,1635,792,1062,13,222
"123",6431,2013,"      Bergstraße, Landkreis",3408,1740,87,38,417,177,1336,644,27,12,1541,869,"6431y2013",2013,537,228,324,10,79
"124",6432,2013,"      Darmstadt-Dieburg, Landkreis",3063,1489,151,63,527,219,1369,657,0,0,1016,550,"6432y2013",2013,583,236,308,7,56
"125",6433,2013,"      Groß-Gerau, Landkreis",2897,1497,134,50,516,220,1374,694,0,0,873,533,"6433y2013",2013,454,202,289,5,67
"126",6434,2013,"      Hochtaunuskreis",2774,1409,87,43,375,138,1024,540,0,0,1288,688,"6434y2013",2013,600,213,309,9,69
"127",6435,2013,"      Main-Kinzig-Kreis",5061,2490,206,67,881,389,2269,1113,0,0,1705,921,"6435y2013",2013,908,350,582,16,175
"128",6436,2013,"      Main-Taunus-Kreis",2611,1290,77,30,345,124,1027,516,0,0,1162,620,"6436y2013",2013,621,275,356,3,64
"129",6437,2013,"      Odenwaldkreis",1311,683,41,18,209,58,595,321,0,0,466,286,"6437y2013",2013,193,76,102,0,22
"130",6438,2013,"      Offenbach, Landkreis",3884,1919,134,60,567,252,1478,713,92,37,1613,857,"6438y2013",2013,831,375,582,6,175
"131",6439,2013,"      Rheingau-Taunus-Kreis",2034,1012,99,42,261,115,836,403,0,0,838,452,"6439y2013",2013,420,149,203,3,35
"132",6440,2013,"      Wetteraukreis",4110,2079,178,77,543,250,1486,743,0,0,1903,1009,"6440y2013",2013,786,292,408,15,89
"133",6531,2013,"      Gießen, Landkreis",3642,1871,133,54,396,158,1520,784,28,12,1565,863,"6531y2013",2013,880,350,512,22,111
"134",6532,2013,"      Lahn-Dill-Kreis",3040,1543,122,49,602,251,1421,722,38,18,857,503,"6532y2013",2013,584,216,320,25,62
"135",6533,2013,"      Limburg-Weilburg, Landkreis",2608,1340,93,33,497,208,999,490,10,5,1009,604,"6533y2013",2013,464,212,280,11,39
"136",6534,2013,"      Marburg-Biedenkopf, Landkreis",2925,1451,120,43,400,137,1245,608,3,1,1157,662,"6534y2013",2013,835,251,371,11,83
"137",6535,2013,"      Vogelsbergkreis",1170,568,46,19,209,70,572,275,0,0,343,204,"6535y2013",2013,275,91,119,5,15
"138",6611,2013,"      Kassel, Kreisfreie Stadt",2551,1272,168,64,316,135,913,432,30,8,1124,633,"6611y2013",2013,936,483,769,16,246
"139",6631,2013,"      Fulda, Landkreis",3176,1625,105,42,590,244,1434,724,0,0,1047,615,"6631y2013",2013,622,249,342,7,74
"140",6632,2013,"      Hersfeld-Rotenburg, Landkreis",1410,707,50,22,285,116,713,371,33,15,329,183,"6632y2013",2013,391,136,207,7,59
"141",6633,2013,"      Kassel, Landkreis",2669,1301,89,38,428,156,1285,627,0,0,867,480,"6633y2013",2013,407,198,256,3,44
"142",6634,2013,"      Schwalm-Eder-Kreis",2469,1194,129,40,325,119,1030,484,0,0,985,551,"6634y2013",2013,413,165,244,8,56
"143",6635,2013,"      Waldeck-Frankenberg, Landkreis",1993,1006,97,40,328,136,947,460,0,0,621,370,"6635y2013",2013,412,135,192,3,44
"144",6636,2013,"      Werra-Meißner-Kreis",1124,574,54,25,232,100,521,263,0,0,317,186,"6636y2013",2013,328,95,137,6,25
"145",7111,2013,"      Koblenz, Kreisfreie Stadt",1515,756,87,31,254,111,442,216,53,29,679,369,"7111y2013",2013,1077,343,429,2,77
"146",7131,2013,"      Ahrweiler, Landkreis",1413,712,52,19,239,83,535,279,25,13,562,318,"7131y2013",2013,596,211,258,1,35
"147",7132,2013,"      Altenkirchen (Westerwald), Landkreis",1677,844,65,24,355,139,752,396,29,18,476,267,"7132y2013",2013,704,231,270,0,32
"148",7133,2013,"      Bad Kreuznach, Landkreis",1745,849,82,32,363,142,658,333,15,6,627,336,"7133y2013",2013,871,270,372,4,79
"149",7134,2013,"      Birkenfeld, Landkreis",792,376,29,11,186,72,351,168,14,9,212,116,"7134y2013",2013,393,107,132,2,13
"150",7135,2013,"      Cochem-Zell, Landkreis",529,242,43,16,120,42,273,131,2,0,91,53,"7135y2013",2013,301,72,83,2,7
"151",7137,2013,"      Mayen-Koblenz, Landkreis",2112,1085,127,38,478,213,1002,533,18,9,487,292,"7137y2013",2013,860,286,350,3,47
"152",7138,2013,"      Neuwied, Landkreis",2170,1018,188,65,382,138,1113,547,25,14,462,254,"7138y2013",2013,811,237,330,4,72
"153",7140,2013,"      Rhein-Hunsrück-Kreis",1194,561,53,17,292,116,531,245,11,9,307,174,"7140y2013",2013,276,101,132,0,24
"154",7141,2013,"      Rhein-Lahn-Kreis",1357,639,105,32,241,97,568,274,14,6,429,230,"7141y2013",2013,495,139,177,0,24
"155",7143,2013,"      Westerwaldkreis",2148,1008,131,38,497,214,1050,524,18,8,452,224,"7143y2013",2013,827,202,251,2,29
"156",7211,2013,"      Trier, Kreisfreie Stadt",1457,792,67,22,277,116,474,277,31,15,608,362,"7211y2013",2013,893,305,413,1,101
"157",7231,2013,"      Bernkastel-Wittlich, Landkreis",1272,650,72,27,196,63,669,349,14,7,321,204,"7231y2013",2013,508,149,186,3,19
"158",7232,2013,"      Eifelkreis Bitburg-Prüm",1217,578,47,14,216,73,511,234,19,7,424,250,"7232y2013",2013,284,89,117,0,17
"159",7233,2013,"      Vulkaneifel, Landkreis",784,401,39,19,134,48,364,191,3,0,244,143,"7233y2013",2013,258,68,80,1,7
"160",7235,2013,"      Trier-Saarburg, Landkreis",1251,568,92,30,228,89,598,273,9,4,324,172,"7235y2013",2013,406,130,157,1,18
"161",7311,2013,"      Frankenthal (Pfalz), Kreisfreie Stadt",679,360,60,20,116,54,232,135,16,11,255,140,"7311y2013",2013,357,110,158,0,42
"162",7312,2013,"      Kaiserslautern, Kreisfreie Stadt",1336,686,67,30,192,78,400,204,62,36,615,338,"7312y2013",2013,1150,457,592,3,122
"163",7313,2013,"      Landau in der Pfalz, Kreisfreie Stadt",880,476,49,16,118,43,315,167,12,6,386,244,"7313y2013",2013,329,116,154,0,29
"164",7314,2013,"      Ludwigshafen am Rhein, Kreisfreie Stadt",1774,858,160,64,418,193,513,222,47,22,636,357,"7314y2013",2013,1770,560,795,5,202
"165",7315,2013,"      Mainz, Kreisfreie Stadt",2345,1156,42,12,334,139,717,341,91,38,1161,626,"7315y2013",2013,1786,597,754,7,131
"166",7316,2013,"      Neustadt an der Weinstraße, Kreisfreie Stadt",500,253,35,13,77,33,117,55,6,3,265,149,"7316y2013",2013,339,172,196,1,18
"167",7317,2013,"      Pirmasens, Kreisfreie Stadt",492,258,33,19,105,37,148,77,7,4,199,121,"7317y2013",2013,309,122,167,3,38
"168",7318,2013,"      Speyer, Kreisfreie Stadt",878,492,22,14,109,43,278,162,19,14,450,259,"7318y2013",2013,412,112,149,0,31
"169",7319,2013,"      Worms, Kreisfreie Stadt",878,419,36,11,163,54,348,179,13,7,318,168,"7319y2013",2013,573,239,371,0,114
"170",7320,2013,"      Zweibrücken, Kreisfreie Stadt",508,270,26,12,73,38,176,87,14,6,219,127,"7320y2013",2013,185,53,71,0,17
"171",7331,2013,"      Alzey-Worms, Landkreis",1554,754,68,25,279,110,671,333,55,25,481,261,"7331y2013",2013,404,131,164,2,24
"172",7332,2013,"      Bad Dürkheim, Landkreis",1049,492,78,37,183,76,459,223,8,2,321,154,"7332y2013",2013,703,226,283,0,50
"173",7333,2013,"      Donnersbergkreis",1035,522,61,22,188,68,493,267,20,10,273,155,"7333y2013",2013,303,117,147,0,28
"174",7334,2013,"      Germersheim, Landkreis",1132,559,45,19,200,83,574,288,4,2,309,167,"7334y2013",2013,636,177,208,1,22
"175",7335,2013,"      Kaiserslautern, Landkreis",1052,481,66,27,237,97,448,207,20,10,281,140,"7335y2013",2013,423,122,143,0,16
"176",7336,2013,"      Kusel, Landkreis",737,369,27,6,161,61,397,221,9,4,143,77,"7336y2013",2013,277,86,100,1,11
"177",7337,2013,"      Südliche Weinstraße, Landkreis",1069,501,52,23,102,36,538,232,13,8,364,202,"7337y2013",2013,431,135,154,0,11
"178",7338,2013,"      Rhein-Pfalz-Kreis",1068,466,42,16,245,86,626,284,7,5,148,75,"7338y2013",2013,652,156,215,1,39
"179",7339,2013,"      Mainz-Bingen, Landkreis",1921,946,81,25,313,122,741,351,43,26,743,422,"7339y2013",2013,883,211,266,4,37
"180",7340,2013,"      Südwestpfalz, Landkreis",752,327,17,6,213,70,399,184,9,8,114,59,"7340y2013",2013,190,66,83,1,6
"181",8111,2013,"      Stuttgart, Landeshauptstadt, Kreisfreie Stadt",5467,2654,244,112,855,370,2127,988,45,19,2196,1165,"8111y2013",2013,4758,1567,2272,19,576
"182",8115,2013,"      Böblingen, Landkreis",4244,2049,167,74,819,343,1995,974,0,0,1263,658,"8115y2013",2013,1319,319,423,10,65
"183",8116,2013,"      Esslingen, Landkreis",5578,2687,218,92,1140,474,2471,1230,36,16,1713,875,"8116y2013",2013,1521,499,644,16,103
"184",8117,2013,"      Göppingen, Landkreis",2888,1390,134,58,552,248,1471,706,11,5,720,373,"8117y2013",2013,780,214,316,6,75
"185",8118,2013,"      Ludwigsburg, Landkreis",5555,2651,263,103,881,355,2784,1349,7,4,1620,840,"8118y2013",2013,1709,412,577,10,123
"186",8119,2013,"      Rems-Murr-Kreis",4599,2261,238,79,793,343,2359,1237,27,13,1182,589,"8119y2013",2013,1577,420,541,12,94
"187",8121,2013,"      Heilbronn, Kreisfreie Stadt",1728,878,63,22,403,185,782,379,0,0,480,292,"8121y2013",2013,619,221,297,4,63
"188",8125,2013,"      Heilbronn, Landkreis",3603,1773,146,53,822,357,1838,930,0,0,797,433,"8125y2013",2013,674,206,273,4,39
"189",8126,2013,"      Hohenlohekreis",1333,611,57,20,344,131,648,302,0,0,284,158,"8126y2013",2013,271,100,121,1,11
"190",8127,2013,"      Schwäbisch Hall, Landkreis",2390,1170,107,49,554,249,1175,558,7,4,547,310,"8127y2013",2013,522,152,211,3,43
"191",8128,2013,"      Main-Tauber-Kreis",1710,871,69,32,407,146,859,473,0,0,375,220,"8128y2013",2013,278,56,87,2,18
"192",8135,2013,"      Heidenheim, Landkreis",1583,715,67,22,386,147,728,339,0,0,402,207,"8135y2013",2013,352,150,191,1,28
"193",8136,2013,"      Ostalbkreis",4090,1912,160,60,868,347,1958,946,18,9,1086,550,"8136y2013",2013,849,297,395,5,68
"194",8211,2013,"      Baden-Baden, Kreisfreie Stadt",627,324,31,14,134,51,176,97,0,0,286,162,"8211y2013",2013,214,86,118,7,22
"195",8212,2013,"      Karlsruhe, Kreisfreie Stadt",2595,1311,154,76,293,121,1057,529,17,10,1074,575,"8212y2013",2013,1413,685,940,9,226
"196",8215,2013,"      Karlsruhe, Landkreis",4749,2334,176,71,803,345,2488,1213,0,0,1282,705,"8215y2013",2013,921,310,440,8,91
"197",8216,2013,"      Rastatt, Landkreis",2314,1129,134,61,528,240,1117,540,1,0,534,288,"8216y2013",2013,669,243,324,6,60
"198",8221,2013,"      Heidelberg, Kreisfreie Stadt",1526,800,24,10,178,81,478,269,3,1,843,439,"8221y2013",2013,711,276,366,3,78
"199",8222,2013,"      Mannheim, Universitätsstadt, Kreisfreie Stadt",2918,1437,168,76,381,171,1370,660,26,14,973,516,"8222y2013",2013,1474,809,1159,20,279
"200",8225,2013,"      Neckar-Odenwald-Kreis",1758,777,85,31,501,205,725,328,0,0,447,213,"8225y2013",2013,356,103,157,2,41
"201",8226,2013,"      Rhein-Neckar-Kreis",4990,2407,229,86,861,374,2420,1170,0,0,1480,777,"8226y2013",2013,1405,453,584,11,95
"202",8231,2013,"      Pforzheim, Kreisfreie Stadt",1594,795,79,37,357,154,654,327,9,3,495,274,"8231y2013",2013,775,205,298,3,74
"203",8235,2013,"      Calw, Landkreis",1873,946,77,35,398,174,961,503,0,0,437,234,"8235y2013",2013,397,76,115,11,15
"204",8236,2013,"      Enzkreis",1968,909,85,27,375,143,1109,530,0,0,399,209,"8236y2013",2013,366,86,124,2,32
"205",8237,2013,"      Freudenstadt, Landkreis",1333,628,78,35,317,134,680,341,0,0,258,118,"8237y2013",2013,329,136,161,4,14
"206",8311,2013,"      Freiburg im Breisgau, Kreisfreie Stadt",2432,1216,127,54,355,127,858,417,15,6,1077,612,"8311y2013",2013,2106,671,870,6,161
"207",8315,2013,"      Breisgau-Hochschwarzwald, Landkreis",2667,1259,100,36,489,189,1301,625,0,0,777,409,"8315y2013",2013,987,245,311,5,48
"208",8316,2013,"      Emmendingen, Landkreis",1806,882,105,41,441,186,937,482,0,0,323,173,"8316y2013",2013,566,171,230,1,38
"209",8317,2013,"      Ortenaukreis",5271,2587,216,91,1161,507,2470,1175,8,4,1416,810,"8317y2013",2013,1400,369,575,14,151
"210",8325,2013,"      Rottweil, Landkreis",1621,849,63,25,388,199,756,390,0,0,414,235,"8325y2013",2013,298,106,130,3,21
"211",8326,2013,"      Schwarzwald-Baar-Kreis",2589,1217,160,65,525,209,1324,636,8,6,572,301,"8326y2013",2013,456,198,269,2,53
"212",8327,2013,"      Tuttlingen, Landkreis",1672,829,77,30,363,154,890,450,0,0,342,195,"8327y2013",2013,454,135,176,3,31
"213",8335,2013,"      Konstanz, Landkreis",2917,1397,108,57,719,295,1308,651,0,0,782,394,"8335y2013",2013,1111,359,489,13,83
"214",8336,2013,"      Lörrach, Landkreis",2624,1290,82,32,633,300,1228,598,23,11,658,349,"8336y2013",2013,1069,275,378,3,76
"215",8337,2013,"      Waldshut, Landkreis",1942,925,90,36,475,219,946,456,0,0,431,214,"8337y2013",2013,525,136,191,3,37
"216",8415,2013,"      Reutlingen, Landkreis",3253,1550,160,64,706,304,1471,714,34,16,882,452,"8415y2013",2013,1009,360,447,13,52
"217",8416,2013,"      Tübingen, Landkreis",2516,1207,137,58,455,193,967,453,2,0,955,503,"8416y2013",2013,721,198,249,5,33
"218",8417,2013,"      Zollernalbkreis",2248,1075,102,35,496,222,1214,579,0,0,436,239,"8417y2013",2013,527,213,253,2,26
"219",8421,2013,"      Ulm, Universitätsstadt, Kreisfreie Stadt",1634,856,77,31,255,117,619,320,0,0,683,388,"8421y2013",2013,663,256,368,8,88
"220",8425,2013,"      Alb-Donau-Kreis",2065,970,95,42,498,202,1093,538,0,0,379,188,"8425y2013",2013,337,110,154,4,25
"221",8426,2013,"      Biberach, Landkreis",2461,1163,108,40,555,232,1279,614,0,0,519,277,"8426y2013",2013,679,136,175,3,26
"222",8435,2013,"      Bodenseekreis",2492,1221,150,59,483,210,1210,606,8,5,641,341,"8435y2013",2013,646,204,251,2,30
"223",8436,2013,"      Ravensburg, Landkreis",3879,1875,207,74,731,317,2078,1013,1,0,862,471,"8436y2013",2013,1201,385,477,7,68
"224",8437,2013,"      Sigmaringen, Landkreis",1743,889,100,40,274,120,883,447,0,0,486,282,"8437y2013",2013,408,144,176,4,16
"225",9161,2013,"      Ingolstadt",1708,901,75,31,323,140,749,398,0,0,561,332,"9161y2013",2013,1071,315,378,9,44
"226",9162,2013,"      München, Landeshauptstadt",11473,5865,684,273,2489,1123,4541,2367,0,0,3759,2102,"9162y2013",2013,8816,3339,4070,37,541
"227",9163,2013,"      Rosenheim",1027,525,64,22,180,70,447,235,0,0,336,198,"9163y2013",2013,721,208,252,6,24
"228",9171,2013,"      Altötting, Landkreis",1243,626,40,7,291,119,624,320,0,0,288,180,"9171y2013",2013,404,107,133,4,20
"229",9172,2013,"      Berchtesgadener Land, Landkreis",1073,511,49,9,264,95,523,293,0,0,237,114,"9172y2013",2013,339,66,101,5,20
"230",9173,2013,"      Bad Tölz-Wolfratshausen, Landkreis",1508,776,33,13,297,118,725,399,0,0,453,246,"9173y2013",2013,390,90,113,3,18
"231",9174,2013,"      Dachau, Landkreis",1523,752,76,29,423,167,637,341,0,0,387,215,"9174y2013",2013,435,104,140,1,21
"232",9175,2013,"      Ebersberg, Landkreis",1418,679,81,36,209,89,623,286,0,0,505,268,"9175y2013",2013,321,109,138,2,18
"233",9176,2013,"      Eichstätt, Landkreis",1321,652,23,5,266,104,746,378,0,0,286,165,"9176y2013",2013,265,93,110,0,7
"234",9177,2013,"      Erding, Landkreis",1440,693,40,11,402,160,658,347,0,0,340,175,"9177y2013",2013,409,115,142,1,15
"235",9178,2013,"      Freising, Landkreis",1844,914,68,18,356,168,971,473,0,0,449,255,"9178y2013",2013,459,142,175,0,18
"236",9179,2013,"      Fürstenfeldbruck, Landkreis",2139,985,58,21,362,143,879,396,0,0,840,425,"9179y2013",2013,608,136,176,3,29
"237",9180,2013,"      Garmisch-Partenkirchen, Landkreis",1006,464,22,5,195,79,419,180,0,0,370,200,"9180y2013",2013,250,64,76,4,5
"238",9181,2013,"      Landsberg am Lech, Landkreis",1457,739,78,35,303,136,691,372,0,0,385,196,"9181y2013",2013,335,78,103,3,11
"239",9182,2013,"      Miesbach, Landkreis",1005,476,30,4,221,92,554,272,0,0,200,108,"9182y2013",2013,256,86,105,4,6
"240",9183,2013,"      Mühldorf a.Inn, Landkreis",1429,706,72,24,345,152,716,394,0,0,296,136,"9183y2013",2013,384,86,121,4,17
"241",9184,2013,"      München, Landkreis",2916,1332,98,46,393,153,1016,459,0,0,1409,674,"9184y2013",2013,740,283,348,2,46
"242",9185,2013,"      Neuburg-Schrobenhausen, Landkreis",1194,601,43,19,255,129,656,334,0,0,240,119,"9185y2013",2013,402,115,140,0,12
"243",9186,2013,"      Pfaffenhofen a.d.Ilm, Landkreis",1197,577,75,31,309,138,531,276,0,0,282,132,"9186y2013",2013,526,144,167,6,13
"244",9187,2013,"      Rosenheim, Landkreis",2478,1207,107,37,527,213,1318,664,0,0,526,293,"9187y2013",2013,830,191,224,9,17
"245",9188,2013,"      Starnberg, Landkreis",1185,569,42,24,154,74,452,217,0,0,537,254,"9188y2013",2013,285,91,124,3,19
"246",9189,2013,"      Traunstein, Landkreis",2064,1007,80,37,445,164,1046,540,0,0,493,266,"9189y2013",2013,593,163,195,6,19
"247",9190,2013,"      Weilheim-Schongau, Landkreis",1657,785,59,21,350,128,838,420,0,0,410,216,"9190y2013",2013,424,87,104,1,14
"248",9261,2013,"      Landshut",1114,641,36,14,162,75,565,353,0,0,351,199,"9261y2013",2013,774,192,236,1,38
"249",9262,2013,"      Passau",898,537,33,21,143,71,445,279,0,0,277,166,"9262y2013",2013,421,113,148,6,27
"250",9263,2013,"      Straubing",981,490,49,24,176,64,399,205,0,0,357,197,"9263y2013",2013,423,113,154,1,23
"251",9271,2013,"      Deggendorf, Landkreis",1407,686,51,17,324,130,708,372,1,1,323,166,"9271y2013",2013,575,154,185,4,17
"252",9272,2013,"      Freyung-Grafenau, Landkreis",846,407,25,9,220,81,402,213,0,0,199,104,"9272y2013",2013,234,52,63,0,4
"253",9273,2013,"      Kelheim, Landkreis",1229,611,47,21,345,151,530,284,0,0,307,155,"9273y2013",2013,403,128,144,0,10
"254",9274,2013,"      Landshut, Landkreis",1362,595,43,16,451,190,701,296,0,0,167,93,"9274y2013",2013,495,115,140,2,18
"255",9275,2013,"      Passau, Landkreis",1798,836,61,18,479,201,892,437,0,0,366,180,"9275y2013",2013,555,124,150,4,17
"256",9276,2013,"      Regen, Landkreis",819,400,27,10,244,105,413,215,0,0,135,70,"9276y2013",2013,252,58,71,3,3
"257",9277,2013,"      Rottal-Inn, Landkreis",1400,686,55,14,384,156,681,363,0,0,280,153,"9277y2013",2013,443,137,161,10,8
"258",9278,2013,"      Straubing-Bogen, Landkreis",783,384,16,5,261,108,360,207,0,0,146,64,"9278y2013",2013,265,53,65,1,4
"259",9279,2013,"      Dingolfing-Landau, Landkreis",1012,475,27,11,326,121,412,211,0,0,247,132,"9279y2013",2013,364,91,104,1,8
"260",9361,2013,"      Amberg",886,476,60,23,129,54,400,221,0,0,297,178,"9361y2013",2013,279,58,78,0,17
"261",9362,2013,"      Regensburg",1937,975,92,34,329,142,790,418,0,0,726,381,"9362y2013",2013,1178,323,441,5,94
"262",9363,2013,"      Weiden i.d.OPf.",872,470,28,15,127,55,441,243,0,0,276,157,"9363y2013",2013,406,106,134,6,20
"263",9371,2013,"      Amberg-Sulzbach, Landkreis",712,292,18,5,270,103,347,148,0,0,77,36,"9371y2013",2013,238,77,95,0,12
"264",9372,2013,"      Cham, Landkreis",1469,735,29,10,397,135,761,434,0,0,282,156,"9372y2013",2013,404,96,108,0,6
"265",9373,2013,"      Neumarkt i.d.OPf., Landkreis",1609,751,40,10,447,183,759,375,0,0,363,183,"9373y2013",2013,391,98,110,2,4
"266",9374,2013,"      Neustadt a.d.Waldnaab, Landkreis",853,417,32,17,293,126,381,195,0,0,147,79,"9374y2013",2013,329,96,114,2,7
"267",9375,2013,"      Regensburg, Landkreis",1097,479,31,10,389,152,527,254,0,0,150,63,"9375y2013",2013,438,92,118,4,13
"268",9376,2013,"      Schwandorf, Landkreis",1543,760,39,18,368,149,754,387,0,0,382,206,"9376y2013",2013,510,145,172,1,18
"269",9377,2013,"      Tirschenreuth, Landkreis",715,347,27,13,184,73,400,211,0,0,104,50,"9377y2013",2013,182,37,54,2,9
"270",9461,2013,"      Bamberg",1399,785,43,15,150,63,431,249,0,0,775,458,"9461y2013",2013,536,146,182,5,24
"271",9462,2013,"      Bayreuth",1274,671,50,28,168,85,511,274,0,0,545,284,"9462y2013",2013,459,168,216,9,25
"272",9463,2013,"      Coburg",862,426,46,20,77,38,427,188,0,0,312,180,"9463y2013",2013,387,94,132,12,21
"273",9464,2013,"      Hof",801,435,48,22,154,74,327,186,0,0,272,153,"9464y2013",2013,491,125,173,2,38
"274",9471,2013,"      Bamberg, Landkreis",911,364,28,7,344,123,539,234,0,0,0,0,"9471y2013",2013,449,154,173,3,8
"275",9472,2013,"      Bayreuth, Landkreis",740,350,26,13,199,74,429,221,0,0,86,42,"9472y2013",2013,287,68,84,1,8
"276",9473,2013,"      Coburg, Landkreis",509,225,29,8,233,89,147,75,0,0,100,53,"9473y2013",2013,294,82,108,8,11
"277",9474,2013,"      Forchheim, Landkreis",1213,576,38,19,231,94,596,287,0,0,348,176,"9474y2013",2013,326,79,99,9,8
"278",9475,2013,"      Hof, Landkreis",727,354,31,8,203,88,328,165,0,0,165,93,"9475y2013",2013,394,83,103,4,14
"279",9476,2013,"      Kronach, Landkreis",688,364,29,13,130,48,341,195,0,0,188,108,"9476y2013",2013,260,81,108,8,12
"280",9477,2013,"      Kulmbach, Landkreis",689,327,59,18,196,73,240,126,0,0,194,110,"9477y2013",2013,360,84,109,7,9
"281",9478,2013,"      Lichtenfels, Landkreis",765,378,43,14,135,63,424,210,0,0,163,91,"9478y2013",2013,355,93,130,12,22
"282",9479,2013,"      Wunsiedel i.Fichtelgebirge, Landkreis",921,441,51,23,181,72,445,225,0,0,244,121,"9479y2013",2013,372,77,93,1,11
"283",9561,2013,"      Ansbach",803,428,23,9,109,41,353,176,0,0,318,202,"9561y2013",2013,266,72,97,4,17
"284",9562,2013,"      Erlangen",1345,667,51,23,144,60,479,231,0,0,671,353,"9562y2013",2013,626,186,228,5,30
"285",9563,2013,"      Fürth",1260,596,99,37,264,119,533,252,0,0,364,188,"9563y2013",2013,527,177,251,8,45
"286",9564,2013,"      Nürnberg",4792,2321,360,148,1213,513,1791,894,0,0,1428,766,"9564y2013",2013,4218,1454,1914,25,359
"287",9565,2013,"      Schwabach",664,342,31,15,96,42,290,139,0,0,247,146,"9565y2013",2013,140,33,40,2,3
"288",9571,2013,"      Ansbach, Landkreis",1993,937,130,47,451,186,1041,512,0,0,371,192,"9571y2013",2013,537,146,186,8,21
"289",9572,2013,"      Erlangen-Höchstadt, Landkreis",1367,633,33,13,311,125,509,263,0,0,514,232,"9572y2013",2013,290,82,104,5,10
"290",9573,2013,"      Fürth, Landkreis",894,408,19,6,182,75,340,162,0,0,353,165,"9573y2013",2013,215,71,87,0,13
"291",9574,2013,"      Nürnberger Land, Landkreis",1800,855,115,37,428,175,730,374,0,0,527,269,"9574y2013",2013,534,160,197,2,26
"292",9575,2013,"      Neustadt a.d.Aisch-Bad Windsheim, Landkreis",1208,605,61,27,196,73,664,338,0,0,287,167,"9575y2013",2013,268,99,118,3,10
"293",9576,2013,"      Roth, Landkreis",1216,609,77,33,293,129,532,283,0,0,314,164,"9576y2013",2013,304,91,116,1,17
"294",9577,2013,"      Weißenburg-Gunzenhausen, Landkreis",1028,519,27,9,219,75,506,278,0,0,276,157,"9577y2013",2013,351,84,106,1,12
"295",9661,2013,"      Aschaffenburg",1253,685,47,13,179,92,543,313,0,0,484,267,"9661y2013",2013,592,153,199,2,36
"296",9662,2013,"      Schweinfurt",1322,661,66,22,199,98,560,274,5,2,492,265,"9662y2013",2013,457,135,160,4,12
"297",9663,2013,"      Würzburg",2098,1097,115,53,250,101,905,490,0,0,828,453,"9663y2013",2013,931,293,354,2,47
"298",9671,2013,"      Aschaffenburg, Landkreis",1511,662,73,23,413,160,704,329,0,0,321,150,"9671y2013",2013,408,84,111,6,15
"299",9672,2013,"      Bad Kissingen, Landkreis",1105,567,19,7,297,137,489,262,0,0,300,161,"9672y2013",2013,377,76,98,0,12
"300",9673,2013,"      Rhön-Grabfeld, Landkreis",1122,562,46,14,266,108,524,285,0,0,286,155,"9673y2013",2013,297,78,85,1,5
"301",9674,2013,"      Haßberge, Landkreis",1071,495,34,18,254,90,542,262,0,0,241,125,"9674y2013",2013,395,88,102,1,7
"302",9675,2013,"      Kitzingen, Landkreis",1427,707,56,22,237,111,638,308,0,0,496,266,"9675y2013",2013,270,74,93,3,15
"303",9676,2013,"      Miltenberg, Landkreis",1393,684,46,16,410,192,637,325,0,0,300,151,"9676y2013",2013,454,117,136,6,7
"304",9677,2013,"      Main-Spessart, Landkreis",1471,733,36,10,287,102,769,381,0,0,379,240,"9677y2013",2013,303,90,106,1,6
"305",9678,2013,"      Schweinfurt, Landkreis",553,264,32,14,276,129,245,121,0,0,0,0,"9678y2013",2013,324,60,75,1,7
"306",9679,2013,"      Würzburg, Landkreis",744,326,29,11,233,88,368,164,0,0,114,63,"9679y2013",2013,287,66,77,0,7
"307",9761,2013,"      Augsburg",3192,1790,147,61,753,340,1248,785,0,0,1044,604,"9761y2013",2013,2500,560,719,7,125
"308",9762,2013,"      Kaufbeuren",764,413,39,9,151,55,351,206,0,0,223,143,"9762y2013",2013,319,81,101,3,8
"309",9763,2013,"      Kempten (Allgäu)",1170,631,78,40,220,99,601,333,0,0,271,159,"9763y2013",2013,592,149,181,7,19
"310",9764,2013,"      Memmingen",807,397,53,15,151,58,423,227,0,0,180,97,"9764y2013",2013,308,97,127,3,22
"311",9771,2013,"      Aichach-Friedberg, Landkreis",1175,499,43,18,336,119,595,265,0,0,201,97,"9771y2013",2013,292,93,112,3,10
"312",9772,2013,"      Augsburg, Landkreis",2344,1057,134,53,679,291,1081,497,0,0,450,216,"9772y2013",2013,824,185,218,2,19
"313",9773,2013,"      Dillingen a.d.Donau, Landkreis",1126,572,47,17,277,125,514,267,0,0,288,163,"9773y2013",2013,332,75,90,1,8
"314",9774,2013,"      Günzburg, Landkreis",1747,873,125,41,337,134,808,436,0,0,477,262,"9774y2013",2013,422,129,153,0,17
"315",9775,2013,"      Neu-Ulm, Landkreis",1647,790,106,49,423,175,766,398,0,0,352,168,"9775y2013",2013,807,217,273,3,44
"316",9776,2013,"      Lindau (Bodensee), Landkreis",732,386,31,19,153,73,336,175,0,0,212,119,"9776y2013",2013,209,70,99,3,20
"317",9777,2013,"      Ostallgäu, Landkreis",1430,696,52,20,385,158,742,381,0,0,251,137,"9777y2013",2013,435,109,128,1,9
"318",9778,2013,"      Unterallgäu, Landkreis",1420,640,39,7,328,113,717,358,0,0,336,162,"9778y2013",2013,412,123,140,4,9
"319",9779,2013,"      Donau-Ries, Landkreis",1640,835,56,19,337,137,931,489,0,0,316,190,"9779y2013",2013,465,96,114,2,11
"320",9780,2013,"      Oberallgäu, Landkreis",1214,587,33,15,414,152,566,302,0,0,201,118,"9780y2013",2013,478,99,119,4,8
"321",10041,2013,"      Saarbrücken, Regionalverband",3123,1533,195,81,793,334,1031,535,55,29,1049,554,"10041y2013",2013,2274,879,1286,8,366
"322",10042,2013,"      Merzig-Wadern, Landkreis",927,450,50,20,286,130,341,162,15,8,235,130,"10042y2013",2013,364,114,163,3,33
"323",10043,2013,"      Neunkirchen, Landkreis",1350,655,73,31,415,174,504,266,25,13,333,171,"10043y2013",2013,644,192,278,2,62
"324",10044,2013,"      Saarlouis, Landkreis",2191,1150,77,32,549,236,816,443,35,18,714,421,"10044y2013",2013,939,301,399,1,80
"325",10045,2013,"      Saarpfalz-Kreis",1410,659,63,28,324,125,549,250,10,5,464,251,"10045y2013",2013,497,217,272,4,42
"326",10046,2013,"      St. Wendel, Landkreis",1053,547,52,23,207,89,422,217,17,8,355,210,"10046y2013",2013,272,82,100,1,12
"327",12051,2013,"      Brandenburg an der Havel, Kreisfreie Stadt",529,226,39,12,92,35,199,81,0,0,199,98,"12051y2013",2013,415,94,147,1,42
"328",12052,2013,"      Cottbus, Kreisfreie Stadt",860,398,74,31,99,45,298,141,0,0,389,181,"12052y2013",2013,456,186,270,1,64
"329",12053,2013,"      Frankfurt (Oder), Kreisfreie Stadt",487,242,33,13,49,14,203,94,0,0,202,121,"12053y2013",2013,286,108,169,2,54
"330",12054,2013,"      Potsdam, Kreisfreie Stadt",1558,766,65,21,190,67,446,237,0,0,857,441,"12054y2013",2013,704,220,339,5,99
"331",12060,2013,"      Barnim, Landkreis",1229,592,87,36,148,64,536,250,0,0,458,242,"12060y2013",2013,659,225,299,6,60
"332",12061,2013,"      Dahme-Spreewald, Landkreis",1249,602,89,29,157,72,535,261,0,0,468,240,"12061y2013",2013,540,171,254,4,68
"333",12062,2013,"      Elbe-Elster, Landkreis",741,359,64,27,114,47,325,158,0,0,238,127,"12062y2013",2013,370,127,170,4,29
"334",12063,2013,"      Havelland, Landkreis",1260,564,92,35,199,75,440,198,0,0,529,256,"12063y2013",2013,559,207,283,2,64
"335",12064,2013,"      Märkisch-Oderland, Landkreis",1207,640,105,40,173,74,560,334,0,0,369,192,"12064y2013",2013,603,202,288,5,68
"336",12065,2013,"      Oberhavel, Landkreis",1454,719,101,32,248,109,590,291,0,0,515,287,"12065y2013",2013,943,262,359,1,69
"337",12066,2013,"      Oberspreewald-Lausitz, Landkreis",727,324,65,22,142,47,308,137,0,0,212,118,"12066y2013",2013,407,125,161,2,26
"338",12067,2013,"      Oder-Spree, Landkreis",1379,658,139,60,205,82,571,265,0,0,464,251,"12067y2013",2013,463,168,287,3,95
"339",12068,2013,"      Ostprignitz-Ruppin, Landkreis",746,389,65,28,175,59,269,150,0,0,237,152,"12068y2013",2013,472,153,201,3,36
"340",12069,2013,"      Potsdam-Mittelmark, Landkreis",1122,545,62,15,156,64,431,206,0,0,473,260,"12069y2013",2013,608,176,243,3,49
"341",12070,2013,"      Prignitz, Landkreis",518,240,63,26,62,21,221,100,0,0,172,93,"12070y2013",2013,445,84,121,2,27
"342",12071,2013,"      Spree-Neiße, Landkreis",677,361,57,20,119,55,284,147,0,0,217,139,"12071y2013",2013,400,129,187,3,43
"343",12072,2013,"      Teltow-Fläming, Landkreis",1185,573,112,47,158,63,493,235,0,0,422,228,"12072y2013",2013,564,159,247,9,68
"344",12073,2013,"      Uckermark, Landkreis",1016,490,120,52,159,46,443,224,0,0,294,168,"12073y2013",2013,403,168,227,6,49
"345",13003,2013,"      Kreisfreie Stadt Rostock, Hansestadt",1241,589,162,62,104,53,437,206,0,0,538,268,"13003y2013",2013,937,459,659,9,184
"346",13004,2013,"      Kreisfreie Stadt Schwerin, Landeshauptstadt",619,303,88,33,44,23,218,101,0,0,269,146,"13004y2013",2013,669,220,295,5,65
"347",13071,2013,"      Landkreis Mecklenburgische Seenplatte",1811,868,196,71,173,79,835,402,0,0,607,316,"13071y2013",2013,1005,316,403,3,79
"348",13072,2013,"      Landkreis Rostock",1363,686,131,42,165,79,671,335,0,0,396,230,"13072y2013",2013,698,248,313,5,52
"349",13073,2013,"      Landkreis Vorpommern-Rügen",1414,668,138,49,227,103,699,334,0,0,350,182,"13073y2013",2013,1155,328,421,4,66
"350",13074,2013,"      Landkreis Nordwestmecklenburg",976,454,106,40,132,38,436,200,0,0,302,176,"13074y2013",2013,694,204,256,5,46
"351",13075,2013,"      Landkreis Vorpommern-Greifswald",1473,675,180,72,186,73,684,317,0,0,423,213,"13075y2013",2013,973,396,527,6,118
"352",13076,2013,"      Landkreis Ludwigslust-Parchim",1469,750,154,60,148,42,724,381,0,0,443,267,"13076y2013",2013,737,299,390,3,77
"353",14511,2013,"      Chemnitz, Stadt",1301,648,169,77,159,73,551,274,0,0,422,224,"14511y2013",2013,900,350,480,5,122
"354",14521,2013,"      Erzgebirgskreis",2420,1208,200,77,211,80,1453,751,0,0,556,300,"14521y2013",2013,727,228,302,3,63
"355",14522,2013,"      Mittelsachsen, Landkreis",2159,1008,218,74,234,89,1114,528,0,0,593,317,"14522y2013",2013,792,248,332,4,75
"356",14523,2013,"      Vogtlandkreis",1454,705,129,53,178,71,746,357,0,0,401,224,"14523y2013",2013,696,168,238,6,54
"357",14524,2013,"      Zwickau, Landkreis",2326,1119,221,73,156,58,1223,603,0,0,726,385,"14524y2013",2013,1069,361,504,5,129
"358",14612,2013,"      Dresden, Stadt",2843,1396,244,102,246,104,1301,631,0,0,1052,559,"14612y2013",2013,2014,709,1065,11,321
"359",14625,2013,"      Bautzen, Landkreis",2198,1089,197,67,248,93,1119,566,0,0,634,363,"14625y2013",2013,1017,236,346,3,98
"360",14626,2013,"      Görlitz, Landkreis",1914,957,223,94,235,99,1012,518,0,0,444,246,"14626y2013",2013,1195,312,479,7,153
"361",14627,2013,"      Meißen, Landkreis",1721,822,145,55,179,74,961,471,0,0,436,222,"14627y2013",2013,636,172,243,4,60
"362",14628,2013,"      Sächsische Schweiz-Osterzgebirge, Landkreis",1603,759,164,61,136,57,910,424,0,0,393,217,"14628y2013",2013,636,157,234,3,68
"363",14713,2013,"      Leipzig, Stadt",2865,1444,412,183,328,140,1135,583,0,0,990,538,"14713y2013",2013,2616,1053,1615,16,523
"364",14729,2013,"      Leipzig, Landkreis",1541,752,134,54,168,64,837,423,0,0,402,211,"14729y2013",2013,875,210,291,7,64
"365",14730,2013,"      Nordsachsen, Landkreis",1308,629,143,62,152,57,715,358,0,0,298,152,"14730y2013",2013,710,186,266,2,74
"366",15001,2013,"      Dessau-Roßlau, Kreisfreie Stadt",492,265,58,24,34,18,243,134,0,0,157,89,"15001y2013",2013,453,190,281,5,78
"367",15002,2013,"      Halle (Saale), Kreisfreie Stadt",1506,721,159,72,172,68,633,293,0,0,542,288,"15002y2013",2013,1807,620,909,12,249
"368",15003,2013,"      Magdeburg, Kreisfreie Stadt",1354,645,131,50,108,41,625,298,0,0,490,256,"15003y2013",2013,1336,485,800,11,274
"369",15081,2013,"      Altmarkkreis Salzwedel",611,282,68,25,65,25,327,149,0,0,151,83,"15081y2013",2013,339,138,175,0,29
"370",15082,2013,"      Anhalt-Bitterfeld, Landkreis",963,455,118,47,110,44,498,237,0,0,237,127,"15082y2013",2013,695,237,323,9,62
"371",15083,2013,"      Börde, Landkreis",1091,526,82,29,91,38,649,308,0,0,269,151,"15083y2013",2013,665,209,272,8,41
"372",15084,2013,"      Burgenlandkreis",1155,573,119,47,84,37,547,261,0,0,405,228,"15084y2013",2013,842,236,342,8,87
"373",15085,2013,"      Harz, Landkreis",1497,725,123,54,123,45,830,376,0,0,421,250,"15085y2013",2013,814,312,431,5,91
"374",15086,2013,"      Jerichower Land, Landkreis",589,289,73,22,47,20,336,168,0,0,133,79,"15086y2013",2013,374,125,161,1,29
"375",15087,2013,"      Mansfeld-Südharz, Landkreis",817,370,130,49,80,23,427,200,0,0,180,98,"15087y2013",2013,871,185,237,1,40
"376",15088,2013,"      Saalekreis",1065,516,107,37,81,30,661,330,0,0,216,119,"15088y2013",2013,952,219,322,4,87
"377",15089,2013,"      Salzlandkreis",1320,612,139,50,149,58,728,339,0,0,304,165,"15089y2013",2013,929,275,380,13,78
"378",15090,2013,"      Stendal, Landkreis",871,451,101,45,88,40,476,248,0,0,206,118,"15090y2013",2013,558,177,236,2,44
"379",15091,2013,"      Wittenberg, Landkreis",791,372,71,34,72,31,469,221,0,0,179,86,"15091y2013",2013,539,181,249,0,54
"380",16051,2013,"      Erfurt, krsfr. Stadt",1274,628,119,51,164,69,485,235,0,0,506,273,"16051y2013",2013,1732,548,716,6,142
"381",16052,2013,"      Gera, krsfr. Stadt",532,263,48,21,104,42,200,100,0,0,180,100,"16052y2013",2013,778,229,282,1,49
"382",16053,2013,"      Jena, krsfr. Stadt",665,330,35,13,58,28,202,109,0,0,370,180,"16053y2013",2013,484,167,210,3,29
"383",16054,2013,"      Suhl, krsfr. Stadt",191,95,17,9,49,26,85,37,0,0,40,23,"16054y2013",2013,218,89,108,0,13
"384",16055,2013,"      Weimar, krsfr. Stadt",497,266,39,17,59,20,178,92,0,0,221,137,"16055y2013",2013,411,129,174,1,35
"385",16056,2013,"      Eisenach, krsfr. Stadt",314,153,36,13,36,16,121,55,0,0,121,69,"16056y2013",2013,281,93,124,3,25
"386",16061,2013,"      Eichsfeld, Kreis",835,400,52,16,93,40,399,185,0,0,291,159,"16061y2013",2013,261,73,90,4,9
"387",16062,2013,"      Nordhausen, Kreis",643,291,75,23,130,49,287,131,0,0,151,88,"16062y2013",2013,323,111,144,3,23
"388",16063,2013,"      Wartburgkreis",836,406,38,9,115,37,454,229,0,0,229,131,"16063y2013",2013,335,104,123,0,11
"389",16064,2013,"      Unstrut-Hainich-Kreis",821,385,83,30,105,41,362,169,0,0,271,145,"16064y2013",2013,427,142,207,2,51
"390",16065,2013,"      Kyffhäuserkreis",540,251,64,28,95,33,241,126,0,0,140,64,"16065y2013",2013,324,97,127,4,17
"391",16066,2013,"      Schmalkalden-Meiningen, Kreis",856,382,87,26,130,39,446,215,0,0,193,102,"16066y2013",2013,509,117,162,1,34
"392",16067,2013,"      Gotha, Kreis",949,506,60,24,149,61,393,212,0,0,347,209,"16067y2013",2013,558,160,213,2,43
"393",16068,2013,"      Sömmerda, Kreis",492,229,45,12,93,37,251,135,0,0,103,45,"16068y2013",2013,301,83,103,0,13
"394",16069,2013,"      Hildburghausen, Kreis",531,261,29,14,106,45,302,150,0,0,94,52,"16069y2013",2013,249,44,61,2,11
"395",16070,2013,"      Ilm-Kreis",722,378,61,34,88,33,376,203,0,0,197,108,"16070y2013",2013,539,186,249,0,56
"396",16071,2013,"      Weimarer Land, Kreis",536,273,39,12,67,33,315,173,0,0,115,55,"16071y2013",2013,345,103,140,1,31
"397",16072,2013,"      Sonneberg, Kreis",360,162,34,15,44,17,177,76,0,0,105,54,"16072y2013",2013,267,86,106,0,17
"398",16073,2013,"      Saalfeld-Rudolstadt, Kreis",729,349,72,33,125,51,336,150,0,0,196,115,"16073y2013",2013,725,184,213,2,18
"399",16074,2013,"      Saale-Holzland-Kreis",528,260,32,14,69,29,306,144,0,0,121,73,"16074y2013",2013,351,78,98,2,13
"400",16075,2013,"      Saale-Orla-Kreis",601,309,39,12,96,38,304,167,0,0,162,92,"16075y2013",2013,507,96,114,0,13
"401",16076,2013,"      Greiz, Kreis",762,361,41,12,124,55,404,197,0,0,193,97,"16076y2013",2013,377,104,128,2,17
